State,County,Id
Alabama,Autauga,AL_AUTAUGA
Alabama,Baldwin,AL_BALDWIN
Alabama,Barbour,AL_BARBOUR
Alabama,Bibb,AL_BIBB
Alabama,Blount,AL_BLOUNT
Alabama,Bullock,AL_BULLOCK
Alabama,Butler,AL_BUTLER
Alabama,Calhoun,AL_CALHOUN
Alabama,Chambers,AL_CHAMBERS
Alabama,Cherokee,AL_CHEROKEE
Alabama,Chilton,AL_CHILTON
Alabama,Choctaw,AL_CHOCTAW
Alabama,Clarke,AL_CLARKE
Alabama,Clay,AL_CLAY
Alabama,Cleburne,AL_CLEBURNE
Alabama,Coffee,AL_COFFEE
Alabama,Colbert,AL_COLBERT
Alabama,Conecuh,AL_CONECUH
Alabama,Coosa,AL_COOSA
Alabama,Covington,AL_COVINGTON
Alabama,Crenshaw,AL_CRENSHAW
Alabama,Cullman,AL_CULLMAN
Alabama,Dale,AL_DALE
Alabama,Dallas,AL_DALLAS
Alabama,Dekalb,AL_DEKALB
Alabama,Elmore,AL_ELMORE
Alabama,Escambia,AL_ESCAMBIA
Alabama,Etowah,AL_ETOWAH
Alabama,Fayette,AL_FAYETTE
Alabama,Franklin,AL_FRANKLIN
Alabama,Geneva,AL_GENEVA
Alabama,Greene,AL_GREENE
Alabama,Hale,AL_HALE
Alabama,Henry,AL_HENRY
Alabama,Houston,AL_HOUSTON
Alabama,Jackson,AL_JACKSON
Alabama,Jefferson,AL_JEFFERSON
Alabama,Lamar,AL_LAMAR
Alabama,Lauderdale,AL_LAUDERDALE
Alabama,Lawrence,AL_LAWRENCE
Alabama,Lee,AL_LEE
Alabama,Limestone,AL_LIMESTONE
Alabama,Lowndes,AL_LOWNDES
Alabama,Macon,AL_MACON
Alabama,Madison,AL_MADISON
Alabama,Marengo,AL_MARENGO
Alabama,Marion,AL_MARION
Alabama,Marshall,AL_MARSHALL
Alabama,Mobile,AL_MOBILE
Alabama,Monroe,AL_MONROE
Alabama,Montgomery,AL_MONTGOMERY
Alabama,Morgan,AL_MORGAN
Alabama,Perry,AL_PERRY
Alabama,Pickens,AL_PICKENS
Alabama,Pike,AL_PIKE
Alabama,Randolph,AL_RANDOLPH
Alabama,Russell,AL_RUSSELL
Alabama,Shelby,AL_SHELBY
Alabama,St Clair,AL_ST_CLAIR
Alabama,Sumter,AL_SUMTER
Alabama,Talladega,AL_TALLADEGA
Alabama,Tallapoosa,AL_TALLAPOOSA
Alabama,Tuscaloosa,AL_TUSCALOOSA
Alabama,Walker,AL_WALKER
Alabama,Washington,AL_WASHINGTON
Alabama,Wilcox,AL_WILCOX
Alabama,Winston,AL_WINSTON
Alaska,Aleutians East,AK_ALEUTIANS_EAST
Alaska,Anchorage,AK_ANCHORAGE
Alaska,Bethel,AK_BETHEL
Alaska,Bristol Bay,AK_BRISTOL_BAY
Alaska,Denali,AK_DENALI
Alaska,Dillingham,AK_DILLINGHAM
Alaska,Fairbanks North Star,AK_FAIRBANKS_NORTH_STAR
Alaska,Haines,AK_HAINES
Alaska,Hoonah-Angoon,AK_HOONAH_ANGOON
Alaska,Juneau,AK_JUNEAU
Alaska,Kenai Peninsula,AK_KENAI_PENINSULA
Alaska,Ketchikan Gateway,AK_KETCHIKAN_GATEWAY
Alaska,Kodiak Island,AK_KODIAK_ISLAND
Alaska,Lake And Peninsula,AK_LAKE_AND_PENINSULA
Alaska,Matanuska-Susitna,AK_MATANUSKA_SUSITNA
Alaska,Nome,AK_NOME
Alaska,North Slope,AK_NORTH_SLOPE
Alaska,Northwest Arctic,AK_NORTHWEST_ARCTIC
Alaska,Petersburg,AK_PETERSBURG
Alaska,Prince Of Wales-Outer Ketchikan,AK_PRINCE_OF_WALES_OUTER_KETCHIKAN
Alaska,Sitka,AK_SITKA
Alaska,Skagway,AK_SKAGWAY
Alaska,Southeast Fairbanks,AK_SOUTHEAST_FAIRBANKS
Alaska,Valdez-Cordova,AK_VALDEZ_CORDOVA
Alaska,Wade Hampton,AK_WADE_HAMPTON
Alaska,Wrangell,AK_WRANGELL
Alaska,Yakutat,AK_YAKUTAT
Alaska,Yukon-Koyukuk,AK_YUKON_KOYUKUK
Arizona,Apache,AZ_APACHE
Arizona,Cochise,AZ_COCHISE
Arizona,Coconino,AZ_COCONINO
Arizona,Gila,AZ_GILA
Arizona,Graham,AZ_GRAHAM
Arizona,Greenlee,AZ_GREENLEE
Arizona,La Paz,AZ_LA_PAZ
Arizona,Maricopa,AZ_MARICOPA
Arizona,Mohave,AZ_MOHAVE
Arizona,Navajo,AZ_NAVAJO
Arizona,Pima,AZ_PIMA
Arizona,Pinal,AZ_PINAL
Arizona,Santa Cruz,AZ_SANTA_CRUZ
Arizona,Yavapai,AZ_YAVAPAI
Arizona,Yuma,AZ_YUMA
Arkansas,Arkansas,AR_ARKANSAS
Arkansas,Ashley,AR_ASHLEY
Arkansas,Baxter,AR_BAXTER
Arkansas,Benton,AR_BENTON
Arkansas,Boone,AR_BOONE
Arkansas,Bradley,AR_BRADLEY
Arkansas,Calhoun,AR_CALHOUN
Arkansas,Carroll,AR_CARROLL
Arkansas,Chicot,AR_CHICOT
Arkansas,Clark,AR_CLARK
Arkansas,Clay,AR_CLAY
Arkansas,Cleburne,AR_CLEBURNE
Arkansas,Cleveland,AR_CLEVELAND
Arkansas,Columbia,AR_COLUMBIA
Arkansas,Conway,AR_CONWAY
Arkansas,Craighead,AR_CRAIGHEAD
Arkansas,Crawford,AR_CRAWFORD
Arkansas,Crittenden,AR_CRITTENDEN
Arkansas,Cross,AR_CROSS
Arkansas,Dallas,AR_DALLAS
Arkansas,Desha,AR_DESHA
Arkansas,Drew,AR_DREW
Arkansas,Faulkner,AR_FAULKNER
Arkansas,Franklin,AR_FRANKLIN
Arkansas,Fulton,AR_FULTON
Arkansas,Garland,AR_GARLAND
Arkansas,Grant,AR_GRANT
Arkansas,Greene,AR_GREENE
Arkansas,Hempstead,AR_HEMPSTEAD
Arkansas,Hot Spring,AR_HOT_SPRING
Arkansas,Howard,AR_HOWARD
Arkansas,Independence,AR_INDEPENDENCE
Arkansas,Izard,AR_IZARD
Arkansas,Jackson,AR_JACKSON
Arkansas,Jefferson,AR_JEFFERSON
Arkansas,Johnson,AR_JOHNSON
Arkansas,Lafayette,AR_LAFAYETTE
Arkansas,Lawrence,AR_LAWRENCE
Arkansas,Lee,AR_LEE
Arkansas,Lincoln,AR_LINCOLN
Arkansas,Little River,AR_LITTLE_RIVER
Arkansas,Logan,AR_LOGAN
Arkansas,Lonoke,AR_LONOKE
Arkansas,Madison,AR_MADISON
Arkansas,Marion,AR_MARION
Arkansas,Miller,AR_MILLER
Arkansas,Mississippi,AR_MISSISSIPPI
Arkansas,Monroe,AR_MONROE
Arkansas,Montgomery,AR_MONTGOMERY
Arkansas,Nevada,AR_NEVADA
Arkansas,Newton,AR_NEWTON
Arkansas,Ouachita,AR_OUACHITA
Arkansas,Perry,AR_PERRY
Arkansas,Phillips,AR_PHILLIPS
Arkansas,Pike,AR_PIKE
Arkansas,Poinsett,AR_POINSETT
Arkansas,Polk,AR_POLK
Arkansas,Pope,AR_POPE
Arkansas,Prairie,AR_PRAIRIE
Arkansas,Pulaski,AR_PULASKI
Arkansas,Randolph,AR_RANDOLPH
Arkansas,Saline,AR_SALINE
Arkansas,Scott,AR_SCOTT
Arkansas,Searcy,AR_SEARCY
Arkansas,Sebastian,AR_SEBASTIAN
Arkansas,Sevier,AR_SEVIER
Arkansas,Sharp,AR_SHARP
Arkansas,St Francis,AR_ST_FRANCIS
Arkansas,Stone,AR_STONE
Arkansas,Union,AR_UNION
Arkansas,Van Buren,AR_VAN_BUREN
Arkansas,Washington,AR_WASHINGTON
Arkansas,White,AR_WHITE
Arkansas,Woodruff,AR_WOODRUFF
Arkansas,Yell,AR_YELL
California,Alameda,CA_ALAMEDA
California,Alpine,CA_ALPINE
California,Amador,CA_AMADOR
California,Butte,CA_BUTTE
California,Calaveras,CA_CALAVERAS
California,Colusa,CA_COLUSA
California,Contra Costa,CA_CONTRA_COSTA
California,Del Norte,CA_DEL_NORTE
California,El Dorado,CA_EL_DORADO
California,Fresno,CA_FRESNO
California,Glenn,CA_GLENN
California,Humboldt,CA_HUMBOLDT
California,Imperial,CA_IMPERIAL
California,Inyo,CA_INYO
California,Kern,CA_KERN
California,Kings,CA_KINGS
California,Lake,CA_LAKE
California,Lassen,CA_LASSEN
California,Los Angeles,CA_LOS_ANGELES
California,Madera,CA_MADERA
California,Marin,CA_MARIN
California,Mariposa,CA_MARIPOSA
California,Mendocino,CA_MENDOCINO
California,Merced,CA_MERCED
California,Modoc,CA_MODOC
California,Mono,CA_MONO
California,Monterey,CA_MONTEREY
California,Napa,CA_NAPA
California,Nevada,CA_NEVADA
California,Orange,CA_ORANGE
California,Placer,CA_PLACER
California,Plumas,CA_PLUMAS
California,Riverside,CA_RIVERSIDE
California,Sacramento,CA_SACRAMENTO
California,San Benito,CA_SAN_BENITO
California,San Bernardino,CA_SAN_BERNARDINO
California,San Diego,CA_SAN_DIEGO
California,San Francisco,CA_SAN_FRANCISCO
California,San Joaquin,CA_SAN_JOAQUIN
California,San Luis Obispo,CA_SAN_LUIS_OBISPO
California,San Mateo,CA_SAN_MATEO
California,Santa Barbara,CA_SANTA_BARBARA
California,Santa Clara,CA_SANTA_CLARA
California,Santa Cruz,CA_SANTA_CRUZ
California,Shasta,CA_SHASTA
California,Sierra,CA_SIERRA
California,Siskiyou,CA_SISKIYOU
California,Solano,CA_SOLANO
California,Sonoma,CA_SONOMA
California,Stanislaus,CA_STANISLAUS
California,Sutter,CA_SUTTER
California,Tehama,CA_TEHAMA
California,Trinity,CA_TRINITY
California,Tulare,CA_TULARE
California,Tuolumne,CA_TUOLUMNE
California,Ventura,CA_VENTURA
California,Yolo,CA_YOLO
California,Yuba,CA_YUBA
Colorado,Adams,CO_ADAMS
Colorado,Alamosa,CO_ALAMOSA
Colorado,Arapahoe,CO_ARAPAHOE
Colorado,Archuleta,CO_ARCHULETA
Colorado,Baca,CO_BACA
Colorado,Bent,CO_BENT
Colorado,Boulder,CO_BOULDER
Colorado,Broomfield,CO_BROOMFIELD
Colorado,Chaffee,CO_CHAFFEE
Colorado,Cheyenne,CO_CHEYENNE
Colorado,Clear Creek,CO_CLEAR_CREEK
Colorado,Conejos,CO_CONEJOS
Colorado,Costilla,CO_COSTILLA
Colorado,Crowley,CO_CROWLEY
Colorado,Custer,CO_CUSTER
Colorado,Delta,CO_DELTA
Colorado,Denver,CO_DENVER
Colorado,Dolores,CO_DOLORES
Colorado,Douglas,CO_DOUGLAS
Colorado,Eagle,CO_EAGLE
Colorado,El Paso,CO_EL_PASO
Colorado,Elbert,CO_ELBERT
Colorado,Fremont,CO_FREMONT
Colorado,Garfield,CO_GARFIELD
Colorado,Gilpin,CO_GILPIN
Colorado,Grand,CO_GRAND
Colorado,Gunnison,CO_GUNNISON
Colorado,Hinsdale,CO_HINSDALE
Colorado,Huerfano,CO_HUERFANO
Colorado,Jackson,CO_JACKSON
Colorado,Jefferson,CO_JEFFERSON
Colorado,Kiowa,CO_KIOWA
Colorado,Kit Carson,CO_KIT_CARSON
Colorado,La Plata,CO_LA_PLATA
Colorado,Lake,CO_LAKE
Colorado,Larimer,CO_LARIMER
Colorado,Las Animas,CO_LAS_ANIMAS
Colorado,Lincoln,CO_LINCOLN
Colorado,Logan,CO_LOGAN
Colorado,Mesa,CO_MESA
Colorado,Mineral,CO_MINERAL
Colorado,Moffat,CO_MOFFAT
Colorado,Montezuma,CO_MONTEZUMA
Colorado,Montrose,CO_MONTROSE
Colorado,Morgan,CO_MORGAN
Colorado,Otero,CO_OTERO
Colorado,Ouray,CO_OURAY
Colorado,Park,CO_PARK
Colorado,Phillips,CO_PHILLIPS
Colorado,Pitkin,CO_PITKIN
Colorado,Prowers,CO_PROWERS
Colorado,Pueblo,CO_PUEBLO
Colorado,Rio Blanco,CO_RIO_BLANCO
Colorado,Rio Grande,CO_RIO_GRANDE
Colorado,Routt,CO_ROUTT
Colorado,Saguache,CO_SAGUACHE
Colorado,San Juan,CO_SAN_JUAN
Colorado,San Miguel,CO_SAN_MIGUEL
Colorado,Sedgwick,CO_SEDGWICK
Colorado,Summit,CO_SUMMIT
Colorado,Teller,CO_TELLER
Colorado,Washington,CO_WASHINGTON
Colorado,Weld,CO_WELD
Colorado,Yuma,CO_YUMA
Connecticut,Fairfield,CT_FAIRFIELD
Connecticut,Hartford,CT_HARTFORD
Connecticut,Litchfield,CT_LITCHFIELD
Connecticut,Middlesex,CT_MIDDLESEX
Connecticut,New Haven,CT_NEW_HAVEN
Connecticut,New London,CT_NEW_LONDON
Connecticut,Tolland,CT_TOLLAND
Connecticut,Windham,CT_WINDHAM
Delaware,Kent,DE_KENT
Delaware,New Castle,DE_NEW_CASTLE
Delaware,Sussex,DE_SUSSEX
Florida,Alachua,FL_ALACHUA
Florida,Baker,FL_BAKER
Florida,Bay,FL_BAY
Florida,Bradford,FL_BRADFORD
Florida,Brevard,FL_BREVARD
Florida,Broward,FL_BROWARD
Florida,Calhoun,FL_CALHOUN
Florida,Charlotte,FL_CHARLOTTE
Florida,Citrus,FL_CITRUS
Florida,Clay,FL_CLAY
Florida,Collier,FL_COLLIER
Florida,Columbia,FL_COLUMBIA
Florida,Desoto,FL_DESOTO
Florida,Dixie,FL_DIXIE
Florida,Duval,FL_DUVAL
Florida,Escambia,FL_ESCAMBIA
Florida,Flagler,FL_FLAGLER
Florida,Franklin,FL_FRANKLIN
Florida,Gadsden,FL_GADSDEN
Florida,Gilchrist,FL_GILCHRIST
Florida,Glades,FL_GLADES
Florida,Gulf,FL_GULF
Florida,Hamilton,FL_HAMILTON
Florida,Hardee,FL_HARDEE
Florida,Hendry,FL_HENDRY
Florida,Hernando,FL_HERNANDO
Florida,Highlands,FL_HIGHLANDS
Florida,Hillsborough,FL_HILLSBOROUGH
Florida,Holmes,FL_HOLMES
Florida,Indian River,FL_INDIAN_RIVER
Florida,Jackson,FL_JACKSON
Florida,Jefferson,FL_JEFFERSON
Florida,Lafayette,FL_LAFAYETTE
Florida,Lake,FL_LAKE
Florida,Lee,FL_LEE
Florida,Leon,FL_LEON
Florida,Levy,FL_LEVY
Florida,Liberty,FL_LIBERTY
Florida,Madison,FL_MADISON
Florida,Manatee,FL_MANATEE
Florida,Marion,FL_MARION
Florida,Martin,FL_MARTIN
Florida,Miami-Dade,FL_MIAMI_DADE
Florida,Monroe,FL_MONROE
Florida,Nassau,FL_NASSAU
Florida,Okaloosa,FL_OKALOOSA
Florida,Okeechobee,FL_OKEECHOBEE
Florida,Orange,FL_ORANGE
Florida,Osceola,FL_OSCEOLA
Florida,Palm Beach,FL_PALM_BEACH
Florida,Pasco,FL_PASCO
Florida,Pinellas,FL_PINELLAS
Florida,Polk,FL_POLK
Florida,Putnam,FL_PUTNAM
Florida,Santa Rosa,FL_SANTA_ROSA
Florida,Sarasota,FL_SARASOTA
Florida,Seminole,FL_SEMINOLE
Florida,St Johns,FL_ST_JOHNS
Florida,St Lucie,FL_ST_LUCIE
Florida,Sumter,FL_SUMTER
Florida,Suwannee,FL_SUWANNEE
Florida,Taylor,FL_TAYLOR
Florida,Union,FL_UNION
Florida,Volusia,FL_VOLUSIA
Florida,Wakulla,FL_WAKULLA
Florida,Walton,FL_WALTON
Florida,Washington,FL_WASHINGTON
Georgia,Appling,GA_APPLING
Georgia,Atkinson,GA_ATKINSON
Georgia,Bacon,GA_BACON
Georgia,Baker,GA_BAKER
Georgia,Baldwin,GA_BALDWIN
Georgia,Banks,GA_BANKS
Georgia,Barrow,GA_BARROW
Georgia,Bartow,GA_BARTOW
Georgia,Ben Hill,GA_BEN_HILL
Georgia,Berrien,GA_BERRIEN
Georgia,Bibb,GA_BIBB
Georgia,Bleckley,GA_BLECKLEY
Georgia,Brantley,GA_BRANTLEY
Georgia,Brooks,GA_BROOKS
Georgia,Bryan,GA_BRYAN
Georgia,Bulloch,GA_BULLOCH
Georgia,Burke,GA_BURKE
Georgia,Butts,GA_BUTTS
Georgia,Calhoun,GA_CALHOUN
Georgia,Camden,GA_CAMDEN
Georgia,Candler,GA_CANDLER
Georgia,Carroll,GA_CARROLL
Georgia,Catoosa,GA_CATOOSA
Georgia,Charlton,GA_CHARLTON
Georgia,Chatham,GA_CHATHAM
Georgia,Chattahoochee,GA_CHATTAHOOCHEE
Georgia,Chattooga,GA_CHATTOOGA
Georgia,Cherokee,GA_CHEROKEE
Georgia,Clarke,GA_CLARKE
Georgia,Clay,GA_CLAY
Georgia,Clayton,GA_CLAYTON
Georgia,Clinch,GA_CLINCH
Georgia,Cobb,GA_COBB
Georgia,Coffee,GA_COFFEE
Georgia,Colquitt,GA_COLQUITT
Georgia,Columbia,GA_COLUMBIA
Georgia,Cook,GA_COOK
Georgia,Coweta,GA_COWETA
Georgia,Crawford,GA_CRAWFORD
Georgia,Crisp,GA_CRISP
Georgia,Dade,GA_DADE
Georgia,Dawson,GA_DAWSON
Georgia,Decatur,GA_DECATUR
Georgia,Dekalb,GA_DEKALB
Georgia,Dodge,GA_DODGE
Georgia,Dooly,GA_DOOLY
Georgia,Dougherty,GA_DOUGHERTY
Georgia,Douglas,GA_DOUGLAS
Georgia,Early,GA_EARLY
Georgia,Echols,GA_ECHOLS
Georgia,Effingham,GA_EFFINGHAM
Georgia,Elbert,GA_ELBERT
Georgia,Emanuel,GA_EMANUEL
Georgia,Evans,GA_EVANS
Georgia,Fannin,GA_FANNIN
Georgia,Fayette,GA_FAYETTE
Georgia,Floyd,GA_FLOYD
Georgia,Forsyth,GA_FORSYTH
Georgia,Franklin,GA_FRANKLIN
Georgia,Fulton,GA_FULTON
Georgia,Gilmer,GA_GILMER
Georgia,Glascock,GA_GLASCOCK
Georgia,Glynn,GA_GLYNN
Georgia,Gordon,GA_GORDON
Georgia,Grady,GA_GRADY
Georgia,Greene,GA_GREENE
Georgia,Gwinnett,GA_GWINNETT
Georgia,Habersham,GA_HABERSHAM
Georgia,Hall,GA_HALL
Georgia,Hancock,GA_HANCOCK
Georgia,Haralson,GA_HARALSON
Georgia,Harris,GA_HARRIS
Georgia,Hart,GA_HART
Georgia,Heard,GA_HEARD
Georgia,Henry,GA_HENRY
Georgia,Houston,GA_HOUSTON
Georgia,Irwin,GA_IRWIN
Georgia,Jackson,GA_JACKSON
Georgia,Jasper,GA_JASPER
Georgia,Jeff Davis,GA_JEFF_DAVIS
Georgia,Jefferson,GA_JEFFERSON
Georgia,Jenkins,GA_JENKINS
Georgia,Johnson,GA_JOHNSON
Georgia,Jones,GA_JONES
Georgia,Lamar,GA_LAMAR
Georgia,Lanier,GA_LANIER
Georgia,Laurens,GA_LAURENS
Georgia,Lee,GA_LEE
Georgia,Liberty,GA_LIBERTY
Georgia,Lincoln,GA_LINCOLN
Georgia,Long,GA_LONG
Georgia,Lowndes,GA_LOWNDES
Georgia,Lumpkin,GA_LUMPKIN
Georgia,Macon,GA_MACON
Georgia,Madison,GA_MADISON
Georgia,Marion,GA_MARION
Georgia,Mcduffie,GA_MCDUFFIE
Georgia,Mcintosh,GA_MCINTOSH
Georgia,Meriwether,GA_MERIWETHER
Georgia,Miller,GA_MILLER
Georgia,Mitchell,GA_MITCHELL
Georgia,Monroe,GA_MONROE
Georgia,Montgomery,GA_MONTGOMERY
Georgia,Morgan,GA_MORGAN
Georgia,Murray,GA_MURRAY
Georgia,Muscogee,GA_MUSCOGEE
Georgia,Newton,GA_NEWTON
Georgia,Oconee,GA_OCONEE
Georgia,Oglethorpe,GA_OGLETHORPE
Georgia,Paulding,GA_PAULDING
Georgia,Peach,GA_PEACH
Georgia,Pickens,GA_PICKENS
Georgia,Pierce,GA_PIERCE
Georgia,Pike,GA_PIKE
Georgia,Polk,GA_POLK
Georgia,Pulaski,GA_PULASKI
Georgia,Putnam,GA_PUTNAM
Georgia,Quitman,GA_QUITMAN
Georgia,Rabun,GA_RABUN
Georgia,Randolph,GA_RANDOLPH
Georgia,Richmond,GA_RICHMOND
Georgia,Rockdale,GA_ROCKDALE
Georgia,Schley,GA_SCHLEY
Georgia,Screven,GA_SCREVEN
Georgia,Seminole,GA_SEMINOLE
Georgia,Spalding,GA_SPALDING
Georgia,Stephens,GA_STEPHENS
Georgia,Stewart,GA_STEWART
Georgia,Sumter,GA_SUMTER
Georgia,Talbot,GA_TALBOT
Georgia,Taliaferro,GA_TALIAFERRO
Georgia,Tattnall,GA_TATTNALL
Georgia,Taylor,GA_TAYLOR
Georgia,Telfair,GA_TELFAIR
Georgia,Terrell,GA_TERRELL
Georgia,Thomas,GA_THOMAS
Georgia,Tift,GA_TIFT
Georgia,Toombs,GA_TOOMBS
Georgia,Towns,GA_TOWNS
Georgia,Treutlen,GA_TREUTLEN
Georgia,Troup,GA_TROUP
Georgia,Turner,GA_TURNER
Georgia,Twiggs,GA_TWIGGS
Georgia,Union,GA_UNION
Georgia,Upson,GA_UPSON
Georgia,Walker,GA_WALKER
Georgia,Walton,GA_WALTON
Georgia,Ware,GA_WARE
Georgia,Warren,GA_WARREN
Georgia,Washington,GA_WASHINGTON
Georgia,Wayne,GA_WAYNE
Georgia,Webster,GA_WEBSTER
Georgia,Wheeler,GA_WHEELER
Georgia,White,GA_WHITE
Georgia,Whitfield,GA_WHITFIELD
Georgia,Wilcox,GA_WILCOX
Georgia,Wilkes,GA_WILKES
Georgia,Wilkinson,GA_WILKINSON
Georgia,Worth,GA_WORTH
Hawaii,Hawaii,HI_HAWAII
Hawaii,Honolulu,HI_HONOLULU
Hawaii,Kalawao,HI_KALAWAO
Hawaii,Kauai,HI_KAUAI
Hawaii,Maui,HI_MAUI
Idaho,Ada,ID_ADA
Idaho,Adams,ID_ADAMS
Idaho,Bannock,ID_BANNOCK
Idaho,Bear Lake,ID_BEAR_LAKE
Idaho,Benewah,ID_BENEWAH
Idaho,Bingham,ID_BINGHAM
Idaho,Blaine,ID_BLAINE
Idaho,Boise,ID_BOISE
Idaho,Bonner,ID_BONNER
Idaho,Bonneville,ID_BONNEVILLE
Idaho,Boundary,ID_BOUNDARY
Idaho,Butte,ID_BUTTE
Idaho,Camas,ID_CAMAS
Idaho,Canyon,ID_CANYON
Idaho,Caribou,ID_CARIBOU
Idaho,Cassia,ID_CASSIA
Idaho,Clark,ID_CLARK
Idaho,Clearwater,ID_CLEARWATER
Idaho,Custer,ID_CUSTER
Idaho,Elmore,ID_ELMORE
Idaho,Franklin,ID_FRANKLIN
Idaho,Fremont,ID_FREMONT
Idaho,Gem,ID_GEM
Idaho,Gooding,ID_GOODING
Idaho,Idaho,ID_IDAHO
Idaho,Jefferson,ID_JEFFERSON
Idaho,Jerome,ID_JEROME
Idaho,Kootenai,ID_KOOTENAI
Idaho,Latah,ID_LATAH
Idaho,Lemhi,ID_LEMHI
Idaho,Lewis,ID_LEWIS
Idaho,Lincoln,ID_LINCOLN
Idaho,Madison,ID_MADISON
Idaho,Minidoka,ID_MINIDOKA
Idaho,Nez Perce,ID_NEZ_PERCE
Idaho,Oneida,ID_ONEIDA
Idaho,Owyhee,ID_OWYHEE
Idaho,Payette,ID_PAYETTE
Idaho,Power,ID_POWER
Idaho,Shoshone,ID_SHOSHONE
Idaho,Teton,ID_TETON
Idaho,Twin Falls,ID_TWIN_FALLS
Idaho,Valley,ID_VALLEY
Idaho,Washington,ID_WASHINGTON
Illinois,Adams,IL_ADAMS
Illinois,Alexander,IL_ALEXANDER
Illinois,Bond,IL_BOND
Illinois,Boone,IL_BOONE
Illinois,Brown,IL_BROWN
Illinois,Bureau,IL_BUREAU
Illinois,Calhoun,IL_CALHOUN
Illinois,Carroll,IL_CARROLL
Illinois,Cass,IL_CASS
Illinois,Champaign,IL_CHAMPAIGN
Illinois,Christian,IL_CHRISTIAN
Illinois,Clark,IL_CLARK
Illinois,Clay,IL_CLAY
Illinois,Clinton,IL_CLINTON
Illinois,Coles,IL_COLES
Illinois,Cook,IL_COOK
Illinois,Crawford,IL_CRAWFORD
Illinois,Cumberland,IL_CUMBERLAND
Illinois,De Witt,IL_DE_WITT
Illinois,Dekalb,IL_DEKALB
Illinois,Douglas,IL_DOUGLAS
Illinois,Dupage,IL_DUPAGE
Illinois,Edgar,IL_EDGAR
Illinois,Edwards,IL_EDWARDS
Illinois,Effingham,IL_EFFINGHAM
Illinois,Fayette,IL_FAYETTE
Illinois,Ford,IL_FORD
Illinois,Franklin,IL_FRANKLIN
Illinois,Fulton,IL_FULTON
Illinois,Gallatin,IL_GALLATIN
Illinois,Greene,IL_GREENE
Illinois,Grundy,IL_GRUNDY
Illinois,Hamilton,IL_HAMILTON
Illinois,Hancock,IL_HANCOCK
Illinois,Hardin,IL_HARDIN
Illinois,Henderson,IL_HENDERSON
Illinois,Henry,IL_HENRY
Illinois,Iroquois,IL_IROQUOIS
Illinois,Jackson,IL_JACKSON
Illinois,Jasper,IL_JASPER
Illinois,Jefferson,IL_JEFFERSON
Illinois,Jersey,IL_JERSEY
Illinois,Jo Daviess,IL_JO_DAVIESS
Illinois,Johnson,IL_JOHNSON
Illinois,Kane,IL_KANE
Illinois,Kankakee,IL_KANKAKEE
Illinois,Kendall,IL_KENDALL
Illinois,Knox,IL_KNOX
Illinois,La Salle,IL_LA_SALLE
Illinois,Lake,IL_LAKE
Illinois,Lawrence,IL_LAWRENCE
Illinois,Lee,IL_LEE
Illinois,Livingston,IL_LIVINGSTON
Illinois,Logan,IL_LOGAN
Illinois,Macon,IL_MACON
Illinois,Macoupin,IL_MACOUPIN
Illinois,Madison,IL_MADISON
Illinois,Marion,IL_MARION
Illinois,Marshall,IL_MARSHALL
Illinois,Mason,IL_MASON
Illinois,Massac,IL_MASSAC
Illinois,Mcdonough,IL_MCDONOUGH
Illinois,Mchenry,IL_MCHENRY
Illinois,Mclean,IL_MCLEAN
Illinois,Menard,IL_MENARD
Illinois,Mercer,IL_MERCER
Illinois,Monroe,IL_MONROE
Illinois,Montgomery,IL_MONTGOMERY
Illinois,Morgan,IL_MORGAN
Illinois,Moultrie,IL_MOULTRIE
Illinois,Ogle,IL_OGLE
Illinois,Peoria,IL_PEORIA
Illinois,Perry,IL_PERRY
Illinois,Piatt,IL_PIATT
Illinois,Pike,IL_PIKE
Illinois,Pope,IL_POPE
Illinois,Pulaski,IL_PULASKI
Illinois,Putnam,IL_PUTNAM
Illinois,Randolph,IL_RANDOLPH
Illinois,Richland,IL_RICHLAND
Illinois,Rock Island,IL_ROCK_ISLAND
Illinois,Saline,IL_SALINE
Illinois,Sangamon,IL_SANGAMON
Illinois,Schuyler,IL_SCHUYLER
Illinois,Scott,IL_SCOTT
Illinois,Shelby,IL_SHELBY
Illinois,St Clair,IL_ST_CLAIR
Illinois,Stark,IL_STARK
Illinois,Stephenson,IL_STEPHENSON
Illinois,Tazewell,IL_TAZEWELL
Illinois,Union,IL_UNION
Illinois,Vermilion,IL_VERMILION
Illinois,Wabash,IL_WABASH
Illinois,Warren,IL_WARREN
Illinois,Washington,IL_WASHINGTON
Illinois,Wayne,IL_WAYNE
Illinois,White,IL_WHITE
Illinois,Whiteside,IL_WHITESIDE
Illinois,Will,IL_WILL
Illinois,Williamson,IL_WILLIAMSON
Illinois,Winnebago,IL_WINNEBAGO
Illinois,Woodford,IL_WOODFORD
Indiana,Adams,IN_ADAMS
Indiana,Allen,IN_ALLEN
Indiana,Bartholomew,IN_BARTHOLOMEW
Indiana,Benton,IN_BENTON
Indiana,Blackford,IN_BLACKFORD
Indiana,Boone,IN_BOONE
Indiana,Brown,IN_BROWN
Indiana,Carroll,IN_CARROLL
Indiana,Cass,IN_CASS
Indiana,Clark,IN_CLARK
Indiana,Clay,IN_CLAY
Indiana,Clinton,IN_CLINTON
Indiana,Crawford,IN_CRAWFORD
Indiana,Daviess,IN_DAVIESS
Indiana,De Kalb,IN_DE_KALB
Indiana,Dearborn,IN_DEARBORN
Indiana,Decatur,IN_DECATUR
Indiana,Delaware,IN_DELAWARE
Indiana,Dubois,IN_DUBOIS
Indiana,Elkhart,IN_ELKHART
Indiana,Fayette,IN_FAYETTE
Indiana,Floyd,IN_FLOYD
Indiana,Fountain,IN_FOUNTAIN
Indiana,Franklin,IN_FRANKLIN
Indiana,Fulton,IN_FULTON
Indiana,Gibson,IN_GIBSON
Indiana,Grant,IN_GRANT
Indiana,Greene,IN_GREENE
Indiana,Hamilton,IN_HAMILTON
Indiana,Hancock,IN_HANCOCK
Indiana,Harrison,IN_HARRISON
Indiana,Hendricks,IN_HENDRICKS
Indiana,Henry,IN_HENRY
Indiana,Howard,IN_HOWARD
Indiana,Huntington,IN_HUNTINGTON
Indiana,Jackson,IN_JACKSON
Indiana,Jasper,IN_JASPER
Indiana,Jay,IN_JAY
Indiana,Jefferson,IN_JEFFERSON
Indiana,Jennings,IN_JENNINGS
Indiana,Johnson,IN_JOHNSON
Indiana,Knox,IN_KNOX
Indiana,Kosciusko,IN_KOSCIUSKO
Indiana,Lagrange,IN_LAGRANGE
Indiana,Lake,IN_LAKE
Indiana,Laporte,IN_LAPORTE
Indiana,Lawrence,IN_LAWRENCE
Indiana,Madison,IN_MADISON
Indiana,Marion,IN_MARION
Indiana,Marshall,IN_MARSHALL
Indiana,Martin,IN_MARTIN
Indiana,Miami,IN_MIAMI
Indiana,Monroe,IN_MONROE
Indiana,Montgomery,IN_MONTGOMERY
Indiana,Morgan,IN_MORGAN
Indiana,Newton,IN_NEWTON
Indiana,Noble,IN_NOBLE
Indiana,Ohio,IN_OHIO
Indiana,Orange,IN_ORANGE
Indiana,Owen,IN_OWEN
Indiana,Parke,IN_PARKE
Indiana,Perry,IN_PERRY
Indiana,Pike,IN_PIKE
Indiana,Porter,IN_PORTER
Indiana,Posey,IN_POSEY
Indiana,Pulaski,IN_PULASKI
Indiana,Putnam,IN_PUTNAM
Indiana,Randolph,IN_RANDOLPH
Indiana,Ripley,IN_RIPLEY
Indiana,Rush,IN_RUSH
Indiana,Scott,IN_SCOTT
Indiana,Shelby,IN_SHELBY
Indiana,Spencer,IN_SPENCER
Indiana,St Joseph,IN_ST_JOSEPH
Indiana,Starke,IN_STARKE
Indiana,Steuben,IN_STEUBEN
Indiana,Sullivan,IN_SULLIVAN
Indiana,Switzerland,IN_SWITZERLAND
Indiana,Tippecanoe,IN_TIPPECANOE
Indiana,Tipton,IN_TIPTON
Indiana,Union,IN_UNION
Indiana,Vanderburgh,IN_VANDERBURGH
Indiana,Vermillion,IN_VERMILLION
Indiana,Vigo,IN_VIGO
Indiana,Wabash,IN_WABASH
Indiana,Warren,IN_WARREN
Indiana,Warrick,IN_WARRICK
Indiana,Washington,IN_WASHINGTON
Indiana,Wayne,IN_WAYNE
Indiana,Wells,IN_WELLS
Indiana,White,IN_WHITE
Indiana,Whitley,IN_WHITLEY
Iowa,Adair,IA_ADAIR
Iowa,Adams,IA_ADAMS
Iowa,Allamakee,IA_ALLAMAKEE
Iowa,Appanoose,IA_APPANOOSE
Iowa,Audubon,IA_AUDUBON
Iowa,Benton,IA_BENTON
Iowa,Black Hawk,IA_BLACK_HAWK
Iowa,Boone,IA_BOONE
Iowa,Bremer,IA_BREMER
Iowa,Buchanan,IA_BUCHANAN
Iowa,Buena Vista,IA_BUENA_VISTA
Iowa,Butler,IA_BUTLER
Iowa,Calhoun,IA_CALHOUN
Iowa,Carroll,IA_CARROLL
Iowa,Cass,IA_CASS
Iowa,Cedar,IA_CEDAR
Iowa,Cerro Gordo,IA_CERRO_GORDO
Iowa,Cherokee,IA_CHEROKEE
Iowa,Chickasaw,IA_CHICKASAW
Iowa,Clarke,IA_CLARKE
Iowa,Clay,IA_CLAY
Iowa,Clayton,IA_CLAYTON
Iowa,Clinton,IA_CLINTON
Iowa,Crawford,IA_CRAWFORD
Iowa,Dallas,IA_DALLAS
Iowa,Davis,IA_DAVIS
Iowa,Decatur,IA_DECATUR
Iowa,Delaware,IA_DELAWARE
Iowa,Des Moines,IA_DES_MOINES
Iowa,Dickinson,IA_DICKINSON
Iowa,Dubuque,IA_DUBUQUE
Iowa,Emmet,IA_EMMET
Iowa,Fayette,IA_FAYETTE
Iowa,Floyd,IA_FLOYD
Iowa,Franklin,IA_FRANKLIN
Iowa,Fremont,IA_FREMONT
Iowa,Greene,IA_GREENE
Iowa,Grundy,IA_GRUNDY
Iowa,Guthrie,IA_GUTHRIE
Iowa,Hamilton,IA_HAMILTON
Iowa,Hancock,IA_HANCOCK
Iowa,Hardin,IA_HARDIN
Iowa,Harrison,IA_HARRISON
Iowa,Henry,IA_HENRY
Iowa,Howard,IA_HOWARD
Iowa,Humboldt,IA_HUMBOLDT
Iowa,Ida,IA_IDA
Iowa,Iowa,IA_IOWA
Iowa,Jackson,IA_JACKSON
Iowa,Jasper,IA_JASPER
Iowa,Jefferson,IA_JEFFERSON
Iowa,Johnson,IA_JOHNSON
Iowa,Jones,IA_JONES
Iowa,Keokuk,IA_KEOKUK
Iowa,Kossuth,IA_KOSSUTH
Iowa,Lee,IA_LEE
Iowa,Linn,IA_LINN
Iowa,Louisa,IA_LOUISA
Iowa,Lucas,IA_LUCAS
Iowa,Lyon,IA_LYON
Iowa,Madison,IA_MADISON
Iowa,Mahaska,IA_MAHASKA
Iowa,Marion,IA_MARION
Iowa,Marshall,IA_MARSHALL
Iowa,Mills,IA_MILLS
Iowa,Mitchell,IA_MITCHELL
Iowa,Monona,IA_MONONA
Iowa,Monroe,IA_MONROE
Iowa,Montgomery,IA_MONTGOMERY
Iowa,Muscatine,IA_MUSCATINE
Iowa,Obrien,IA_OBRIEN
Iowa,Osceola,IA_OSCEOLA
Iowa,Page,IA_PAGE
Iowa,Palo Alto,IA_PALO_ALTO
Iowa,Plymouth,IA_PLYMOUTH
Iowa,Pocahontas,IA_POCAHONTAS
Iowa,Polk,IA_POLK
Iowa,Pottawattamie,IA_POTTAWATTAMIE
Iowa,Poweshiek,IA_POWESHIEK
Iowa,Ringgold,IA_RINGGOLD
Iowa,Sac,IA_SAC
Iowa,Scott,IA_SCOTT
Iowa,Shelby,IA_SHELBY
Iowa,Sioux,IA_SIOUX
Iowa,Story,IA_STORY
Iowa,Tama,IA_TAMA
Iowa,Taylor,IA_TAYLOR
Iowa,Union,IA_UNION
Iowa,Van Buren,IA_VAN_BUREN
Iowa,Wapello,IA_WAPELLO
Iowa,Warren,IA_WARREN
Iowa,Washington,IA_WASHINGTON
Iowa,Wayne,IA_WAYNE
Iowa,Webster,IA_WEBSTER
Iowa,Winnebago,IA_WINNEBAGO
Iowa,Winneshiek,IA_WINNESHIEK
Iowa,Woodbury,IA_WOODBURY
Iowa,Worth,IA_WORTH
Iowa,Wright,IA_WRIGHT
Kansas,Allen,KS_ALLEN
Kansas,Anderson,KS_ANDERSON
Kansas,Atchison,KS_ATCHISON
Kansas,Barber,KS_BARBER
Kansas,Barton,KS_BARTON
Kansas,Bourbon,KS_BOURBON
Kansas,Brown,KS_BROWN
Kansas,Butler,KS_BUTLER
Kansas,Chase,KS_CHASE
Kansas,Chautauqua,KS_CHAUTAUQUA
Kansas,Cherokee,KS_CHEROKEE
Kansas,Cheyenne,KS_CHEYENNE
Kansas,Clark,KS_CLARK
Kansas,Clay,KS_CLAY
Kansas,Cloud,KS_CLOUD
Kansas,Coffey,KS_COFFEY
Kansas,Comanche,KS_COMANCHE
Kansas,Cowley,KS_COWLEY
Kansas,Crawford,KS_CRAWFORD
Kansas,Decatur,KS_DECATUR
Kansas,Dickinson,KS_DICKINSON
Kansas,Doniphan,KS_DONIPHAN
Kansas,Douglas,KS_DOUGLAS
Kansas,Edwards,KS_EDWARDS
Kansas,Elk,KS_ELK
Kansas,Ellis,KS_ELLIS
Kansas,Ellsworth,KS_ELLSWORTH
Kansas,Finney,KS_FINNEY
Kansas,Ford,KS_FORD
Kansas,Franklin,KS_FRANKLIN
Kansas,Geary,KS_GEARY
Kansas,Gove,KS_GOVE
Kansas,Graham,KS_GRAHAM
Kansas,Grant,KS_GRANT
Kansas,Gray,KS_GRAY
Kansas,Greeley,KS_GREELEY
Kansas,Greenwood,KS_GREENWOOD
Kansas,Hamilton,KS_HAMILTON
Kansas,Harper,KS_HARPER
Kansas,Harvey,KS_HARVEY
Kansas,Haskell,KS_HASKELL
Kansas,Hodgeman,KS_HODGEMAN
Kansas,Jackson,KS_JACKSON
Kansas,Jefferson,KS_JEFFERSON
Kansas,Jewell,KS_JEWELL
Kansas,Johnson,KS_JOHNSON
Kansas,Kearny,KS_KEARNY
Kansas,Kingman,KS_KINGMAN
Kansas,Kiowa,KS_KIOWA
Kansas,Labette,KS_LABETTE
Kansas,Lane,KS_LANE
Kansas,Leavenworth,KS_LEAVENWORTH
Kansas,Lincoln,KS_LINCOLN
Kansas,Linn,KS_LINN
Kansas,Logan,KS_LOGAN
Kansas,Lyon,KS_LYON
Kansas,Marion,KS_MARION
Kansas,Marshall,KS_MARSHALL
Kansas,Mcpherson,KS_MCPHERSON
Kansas,Meade,KS_MEADE
Kansas,Miami,KS_MIAMI
Kansas,Mitchell,KS_MITCHELL
Kansas,Montgomery,KS_MONTGOMERY
Kansas,Morris,KS_MORRIS
Kansas,Morton,KS_MORTON
Kansas,Nemaha,KS_NEMAHA
Kansas,Neosho,KS_NEOSHO
Kansas,Ness,KS_NESS
Kansas,Norton,KS_NORTON
Kansas,Osage,KS_OSAGE
Kansas,Osborne,KS_OSBORNE
Kansas,Ottawa,KS_OTTAWA
Kansas,Pawnee,KS_PAWNEE
Kansas,Phillips,KS_PHILLIPS
Kansas,Pottawatomie,KS_POTTAWATOMIE
Kansas,Pratt,KS_PRATT
Kansas,Rawlins,KS_RAWLINS
Kansas,Reno,KS_RENO
Kansas,Republic,KS_REPUBLIC
Kansas,Rice,KS_RICE
Kansas,Riley,KS_RILEY
Kansas,Rooks,KS_ROOKS
Kansas,Rush,KS_RUSH
Kansas,Russell,KS_RUSSELL
Kansas,Saline,KS_SALINE
Kansas,Scott,KS_SCOTT
Kansas,Sedgwick,KS_SEDGWICK
Kansas,Seward,KS_SEWARD
Kansas,Shawnee,KS_SHAWNEE
Kansas,Sheridan,KS_SHERIDAN
Kansas,Sherman,KS_SHERMAN
Kansas,Smith,KS_SMITH
Kansas,Stafford,KS_STAFFORD
Kansas,Stanton,KS_STANTON
Kansas,Stevens,KS_STEVENS
Kansas,Sumner,KS_SUMNER
Kansas,Thomas,KS_THOMAS
Kansas,Trego,KS_TREGO
Kansas,Wabaunsee,KS_WABAUNSEE
Kansas,Wallace,KS_WALLACE
Kansas,Washington,KS_WASHINGTON
Kansas,Wichita,KS_WICHITA
Kansas,Wilson,KS_WILSON
Kansas,Woodson,KS_WOODSON
Kansas,Wyandotte,KS_WYANDOTTE
Kentucky,Adair,KY_ADAIR
Kentucky,Allen,KY_ALLEN
Kentucky,Anderson,KY_ANDERSON
Kentucky,Ballard,KY_BALLARD
Kentucky,Barren,KY_BARREN
Kentucky,Bath,KY_BATH
Kentucky,Bell,KY_BELL
Kentucky,Boone,KY_BOONE
Kentucky,Bourbon,KY_BOURBON
Kentucky,Boyd,KY_BOYD
Kentucky,Boyle,KY_BOYLE
Kentucky,Bracken,KY_BRACKEN
Kentucky,Breathitt,KY_BREATHITT
Kentucky,Breckinridge,KY_BRECKINRIDGE
Kentucky,Bullitt,KY_BULLITT
Kentucky,Butler,KY_BUTLER
Kentucky,Caldwell,KY_CALDWELL
Kentucky,Calloway,KY_CALLOWAY
Kentucky,Campbell,KY_CAMPBELL
Kentucky,Carlisle,KY_CARLISLE
Kentucky,Carroll,KY_CARROLL
Kentucky,Carter,KY_CARTER
Kentucky,Casey,KY_CASEY
Kentucky,Christian,KY_CHRISTIAN
Kentucky,Clark,KY_CLARK
Kentucky,Clay,KY_CLAY
Kentucky,Clinton,KY_CLINTON
Kentucky,Crittenden,KY_CRITTENDEN
Kentucky,Cumberland,KY_CUMBERLAND
Kentucky,Daviess,KY_DAVIESS
Kentucky,Edmonson,KY_EDMONSON
Kentucky,Elliott,KY_ELLIOTT
Kentucky,Estill,KY_ESTILL
Kentucky,Fayette,KY_FAYETTE
Kentucky,Fleming,KY_FLEMING
Kentucky,Floyd,KY_FLOYD
Kentucky,Franklin,KY_FRANKLIN
Kentucky,Fulton,KY_FULTON
Kentucky,Gallatin,KY_GALLATIN
Kentucky,Garrard,KY_GARRARD
Kentucky,Grant,KY_GRANT
Kentucky,Graves,KY_GRAVES
Kentucky,Grayson,KY_GRAYSON
Kentucky,Green,KY_GREEN
Kentucky,Greenup,KY_GREENUP
Kentucky,Hancock,KY_HANCOCK
Kentucky,Hardin,KY_HARDIN
Kentucky,Harlan,KY_HARLAN
Kentucky,Harrison,KY_HARRISON
Kentucky,Hart,KY_HART
Kentucky,Henderson,KY_HENDERSON
Kentucky,Henry,KY_HENRY
Kentucky,Hickman,KY_HICKMAN
Kentucky,Hopkins,KY_HOPKINS
Kentucky,Jackson,KY_JACKSON
Kentucky,Jefferson,KY_JEFFERSON
Kentucky,Jessamine,KY_JESSAMINE
Kentucky,Johnson,KY_JOHNSON
Kentucky,Kenton,KY_KENTON
Kentucky,Knott,KY_KNOTT
Kentucky,Knox,KY_KNOX
Kentucky,Larue,KY_LARUE
Kentucky,Laurel,KY_LAUREL
Kentucky,Lawrence,KY_LAWRENCE
Kentucky,Lee,KY_LEE
Kentucky,Leslie,KY_LESLIE
Kentucky,Letcher,KY_LETCHER
Kentucky,Lewis,KY_LEWIS
Kentucky,Lincoln,KY_LINCOLN
Kentucky,Livingston,KY_LIVINGSTON
Kentucky,Logan,KY_LOGAN
Kentucky,Lyon,KY_LYON
Kentucky,Madison,KY_MADISON
Kentucky,Magoffin,KY_MAGOFFIN
Kentucky,Marion,KY_MARION
Kentucky,Marshall,KY_MARSHALL
Kentucky,Martin,KY_MARTIN
Kentucky,Mason,KY_MASON
Kentucky,Mccracken,KY_MCCRACKEN
Kentucky,Mccreary,KY_MCCREARY
Kentucky,Mclean,KY_MCLEAN
Kentucky,Meade,KY_MEADE
Kentucky,Menifee,KY_MENIFEE
Kentucky,Mercer,KY_MERCER
Kentucky,Metcalfe,KY_METCALFE
Kentucky,Monroe,KY_MONROE
Kentucky,Montgomery,KY_MONTGOMERY
Kentucky,Morgan,KY_MORGAN
Kentucky,Muhlenberg,KY_MUHLENBERG
Kentucky,Nelson,KY_NELSON
Kentucky,Nicholas,KY_NICHOLAS
Kentucky,Ohio,KY_OHIO
Kentucky,Oldham,KY_OLDHAM
Kentucky,Owen,KY_OWEN
Kentucky,Owsley,KY_OWSLEY
Kentucky,Pendleton,KY_PENDLETON
Kentucky,Perry,KY_PERRY
Kentucky,Pike,KY_PIKE
Kentucky,Powell,KY_POWELL
Kentucky,Pulaski,KY_PULASKI
Kentucky,Robertson,KY_ROBERTSON
Kentucky,Rockcastle,KY_ROCKCASTLE
Kentucky,Rowan,KY_ROWAN
Kentucky,Russell,KY_RUSSELL
Kentucky,Scott,KY_SCOTT
Kentucky,Shelby,KY_SHELBY
Kentucky,Simpson,KY_SIMPSON
Kentucky,Spencer,KY_SPENCER
Kentucky,Taylor,KY_TAYLOR
Kentucky,Todd,KY_TODD
Kentucky,Trigg,KY_TRIGG
Kentucky,Trimble,KY_TRIMBLE
Kentucky,Union,KY_UNION
Kentucky,Warren,KY_WARREN
Kentucky,Washington,KY_WASHINGTON
Kentucky,Wayne,KY_WAYNE
Kentucky,Webster,KY_WEBSTER
Kentucky,Whitley,KY_WHITLEY
Kentucky,Wolfe,KY_WOLFE
Kentucky,Woodford,KY_WOODFORD
Louisiana,Acadia,LA_ACADIA
Louisiana,Allen,LA_ALLEN
Louisiana,Ascension,LA_ASCENSION
Louisiana,Assumption,LA_ASSUMPTION
Louisiana,Avoyelles,LA_AVOYELLES
Louisiana,Beauregard,LA_BEAUREGARD
Louisiana,Bienville,LA_BIENVILLE
Louisiana,Bossier,LA_BOSSIER
Louisiana,Caddo,LA_CADDO
Louisiana,Calcasieu,LA_CALCASIEU
Louisiana,Caldwell,LA_CALDWELL
Louisiana,Cameron,LA_CAMERON
Louisiana,Catahoula,LA_CATAHOULA
Louisiana,Claiborne,LA_CLAIBORNE
Louisiana,Concordia,LA_CONCORDIA
Louisiana,De Soto,LA_DE_SOTO
Louisiana,East Baton Rouge,LA_EAST_BATON_ROUGE
Louisiana,East Carroll,LA_EAST_CARROLL
Louisiana,East Feliciana,LA_EAST_FELICIANA
Louisiana,Evangeline,LA_EVANGELINE
Louisiana,Franklin,LA_FRANKLIN
Louisiana,Grant,LA_GRANT
Louisiana,Iberia,LA_IBERIA
Louisiana,Iberville,LA_IBERVILLE
Louisiana,Jackson,LA_JACKSON
Louisiana,Jefferson,LA_JEFFERSON
Louisiana,Jefferson Davis,LA_JEFFERSON_DAVIS
Louisiana,La Salle,LA_LA_SALLE
Louisiana,Lafayette,LA_LAFAYETTE
Louisiana,Lafourche,LA_LAFOURCHE
Louisiana,Lincoln,LA_LINCOLN
Louisiana,Livingston,LA_LIVINGSTON
Louisiana,Madison,LA_MADISON
Louisiana,Morehouse,LA_MOREHOUSE
Louisiana,Natchitoches,LA_NATCHITOCHES
Louisiana,Orleans,LA_ORLEANS
Louisiana,Ouachita,LA_OUACHITA
Louisiana,Plaquemines,LA_PLAQUEMINES
Louisiana,Pointe Coupee,LA_POINTE_COUPEE
Louisiana,Rapides,LA_RAPIDES
Louisiana,Red River,LA_RED_RIVER
Louisiana,Richland,LA_RICHLAND
Louisiana,Sabine,LA_SABINE
Louisiana,St Bernard,LA_ST_BERNARD
Louisiana,St Charles,LA_ST_CHARLES
Louisiana,St Helena,LA_ST_HELENA
Louisiana,St James,LA_ST_JAMES
Louisiana,St John The Baptist,LA_ST_JOHN_THE_BAPTIST
Louisiana,St Landry,LA_ST_LANDRY
Louisiana,St Martin,LA_ST_MARTIN
Louisiana,St Mary,LA_ST_MARY
Louisiana,St Tammany,LA_ST_TAMMANY
Louisiana,Tangipahoa,LA_TANGIPAHOA
Louisiana,Tensas,LA_TENSAS
Louisiana,Terrebonne,LA_TERREBONNE
Louisiana,Union,LA_UNION
Louisiana,Vermilion,LA_VERMILION
Louisiana,Vernon,LA_VERNON
Louisiana,Washington,LA_WASHINGTON
Louisiana,Webster,LA_WEBSTER
Louisiana,West Baton Rouge,LA_WEST_BATON_ROUGE
Louisiana,West Carroll,LA_WEST_CARROLL
Louisiana,West Feliciana,LA_WEST_FELICIANA
Louisiana,Winn,LA_WINN
Maine,Androscoggin,ME_ANDROSCOGGIN
Maine,Aroostook,ME_AROOSTOOK
Maine,Cumberland,ME_CUMBERLAND
Maine,Franklin,ME_FRANKLIN
Maine,Hancock,ME_HANCOCK
Maine,Kennebec,ME_KENNEBEC
Maine,Knox,ME_KNOX
Maine,Lincoln,ME_LINCOLN
Maine,Oxford,ME_OXFORD
Maine,Penobscot,ME_PENOBSCOT
Maine,Piscataquis,ME_PISCATAQUIS
Maine,Sagadahoc,ME_SAGADAHOC
Maine,Somerset,ME_SOMERSET
Maine,Waldo,ME_WALDO
Maine,Washington,ME_WASHINGTON
Maine,York,ME_YORK
Maryland,Allegany,MD_ALLEGANY
Maryland,Anne Arundel,MD_ANNE_ARUNDEL
Maryland,Baltimore,MD_BALTIMORE
Maryland,Baltimore (City),MD_BALTIMORE__CITY_
Maryland,Calvert,MD_CALVERT
Maryland,Caroline,MD_CAROLINE
Maryland,Carroll,MD_CARROLL
Maryland,Cecil,MD_CECIL
Maryland,Charles,MD_CHARLES
Maryland,Dorchester,MD_DORCHESTER
Maryland,Frederick,MD_FREDERICK
Maryland,Garrett,MD_GARRETT
Maryland,Harford,MD_HARFORD
Maryland,Howard,MD_HOWARD
Maryland,Kent,MD_KENT
Maryland,Montgomery,MD_MONTGOMERY
Maryland,Prince George's,MD_PRINCE_GEORGE_S
Maryland,Queen Annes,MD_QUEEN_ANNES
Maryland,Somerset,MD_SOMERSET
Maryland,St Marys,MD_ST_MARYS
Maryland,Talbot,MD_TALBOT
Maryland,Washington,MD_WASHINGTON
Maryland,Wicomico,MD_WICOMICO
Maryland,Worcester,MD_WORCESTER
Massachusetts,Barnstable,MA_BARNSTABLE
Massachusetts,Berkshire,MA_BERKSHIRE
Massachusetts,Bristol,MA_BRISTOL
Massachusetts,Dukes,MA_DUKES
Massachusetts,Essex,MA_ESSEX
Massachusetts,Franklin,MA_FRANKLIN
Massachusetts,Hampden,MA_HAMPDEN
Massachusetts,Hampshire,MA_HAMPSHIRE
Massachusetts,Middlesex,MA_MIDDLESEX
Massachusetts,Nantucket,MA_NANTUCKET
Massachusetts,Norfolk,MA_NORFOLK
Massachusetts,Plymouth,MA_PLYMOUTH
Massachusetts,Suffolk,MA_SUFFOLK
Massachusetts,Worcester,MA_WORCESTER
Michigan,Alcona,MI_ALCONA
Michigan,Alger,MI_ALGER
Michigan,Allegan,MI_ALLEGAN
Michigan,Alpena,MI_ALPENA
Michigan,Antrim,MI_ANTRIM
Michigan,Arenac,MI_ARENAC
Michigan,Baraga,MI_BARAGA
Michigan,Barry,MI_BARRY
Michigan,Bay,MI_BAY
Michigan,Benzie,MI_BENZIE
Michigan,Berrien,MI_BERRIEN
Michigan,Branch,MI_BRANCH
Michigan,Calhoun,MI_CALHOUN
Michigan,Cass,MI_CASS
Michigan,Charlevoix,MI_CHARLEVOIX
Michigan,Cheboygan,MI_CHEBOYGAN
Michigan,Chippewa,MI_CHIPPEWA
Michigan,Clare,MI_CLARE
Michigan,Clinton,MI_CLINTON
Michigan,Crawford,MI_CRAWFORD
Michigan,Delta,MI_DELTA
Michigan,Dickinson,MI_DICKINSON
Michigan,Eaton,MI_EATON
Michigan,Emmet,MI_EMMET
Michigan,Genesee,MI_GENESEE
Michigan,Gladwin,MI_GLADWIN
Michigan,Gogebic,MI_GOGEBIC
Michigan,Grand Traverse,MI_GRAND_TRAVERSE
Michigan,Gratiot,MI_GRATIOT
Michigan,Hillsdale,MI_HILLSDALE
Michigan,Houghton,MI_HOUGHTON
Michigan,Huron,MI_HURON
Michigan,Ingham,MI_INGHAM
Michigan,Ionia,MI_IONIA
Michigan,Iosco,MI_IOSCO
Michigan,Iron,MI_IRON
Michigan,Isabella,MI_ISABELLA
Michigan,Jackson,MI_JACKSON
Michigan,Kalamazoo,MI_KALAMAZOO
Michigan,Kalkaska,MI_KALKASKA
Michigan,Kent,MI_KENT
Michigan,Keweenaw,MI_KEWEENAW
Michigan,Lake,MI_LAKE
Michigan,Lapeer,MI_LAPEER
Michigan,Leelanau,MI_LEELANAU
Michigan,Lenawee,MI_LENAWEE
Michigan,Livingston,MI_LIVINGSTON
Michigan,Luce,MI_LUCE
Michigan,Mackinac,MI_MACKINAC
Michigan,Macomb,MI_MACOMB
Michigan,Manistee,MI_MANISTEE
Michigan,Marquette,MI_MARQUETTE
Michigan,Mason,MI_MASON
Michigan,Mecosta,MI_MECOSTA
Michigan,Menominee,MI_MENOMINEE
Michigan,Midland,MI_MIDLAND
Michigan,Missaukee,MI_MISSAUKEE
Michigan,Monroe,MI_MONROE
Michigan,Montcalm,MI_MONTCALM
Michigan,Montmorency,MI_MONTMORENCY
Michigan,Muskegon,MI_MUSKEGON
Michigan,Newaygo,MI_NEWAYGO
Michigan,Oakland,MI_OAKLAND
Michigan,Oceana,MI_OCEANA
Michigan,Ogemaw,MI_OGEMAW
Michigan,Ontonagon,MI_ONTONAGON
Michigan,Osceola,MI_OSCEOLA
Michigan,Oscoda,MI_OSCODA
Michigan,Otsego,MI_OTSEGO
Michigan,Ottawa,MI_OTTAWA
Michigan,Presque Isle,MI_PRESQUE_ISLE
Michigan,Roscommon,MI_ROSCOMMON
Michigan,Saginaw,MI_SAGINAW
Michigan,Sanilac,MI_SANILAC
Michigan,Schoolcraft,MI_SCHOOLCRAFT
Michigan,Shiawassee,MI_SHIAWASSEE
Michigan,St Clair,MI_ST_CLAIR
Michigan,St Joseph,MI_ST_JOSEPH
Michigan,Tuscola,MI_TUSCOLA
Michigan,Van Buren,MI_VAN_BUREN
Michigan,Washtenaw,MI_WASHTENAW
Michigan,Wayne,MI_WAYNE
Michigan,Wexford,MI_WEXFORD
Minnesota,Aitkin,MN_AITKIN
Minnesota,Anoka,MN_ANOKA
Minnesota,Becker,MN_BECKER
Minnesota,Beltrami,MN_BELTRAMI
Minnesota,Benton,MN_BENTON
Minnesota,Big Stone,MN_BIG_STONE
Minnesota,Blue Earth,MN_BLUE_EARTH
Minnesota,Brown,MN_BROWN
Minnesota,Carlton,MN_CARLTON
Minnesota,Carver,MN_CARVER
Minnesota,Cass,MN_CASS
Minnesota,Chippewa,MN_CHIPPEWA
Minnesota,Chisago,MN_CHISAGO
Minnesota,Clay,MN_CLAY
Minnesota,Clearwater,MN_CLEARWATER
Minnesota,Cook,MN_COOK
Minnesota,Cottonwood,MN_COTTONWOOD
Minnesota,Crow Wing,MN_CROW_WING
Minnesota,Dakota,MN_DAKOTA
Minnesota,Dodge,MN_DODGE
Minnesota,Douglas,MN_DOUGLAS
Minnesota,Faribault,MN_FARIBAULT
Minnesota,Fillmore,MN_FILLMORE
Minnesota,Freeborn,MN_FREEBORN
Minnesota,Goodhue,MN_GOODHUE
Minnesota,Grant,MN_GRANT
Minnesota,Hennepin,MN_HENNEPIN
Minnesota,Houston,MN_HOUSTON
Minnesota,Hubbard,MN_HUBBARD
Minnesota,Isanti,MN_ISANTI
Minnesota,Itasca,MN_ITASCA
Minnesota,Jackson,MN_JACKSON
Minnesota,Kanabec,MN_KANABEC
Minnesota,Kandiyohi,MN_KANDIYOHI
Minnesota,Kittson,MN_KITTSON
Minnesota,Koochiching,MN_KOOCHICHING
Minnesota,Lac Qui Parle,MN_LAC_QUI_PARLE
Minnesota,Lake,MN_LAKE
Minnesota,Lake Of The Woods,MN_LAKE_OF_THE_WOODS
Minnesota,Le Sueur,MN_LE_SUEUR
Minnesota,Lincoln,MN_LINCOLN
Minnesota,Lyon,MN_LYON
Minnesota,Mahnomen,MN_MAHNOMEN
Minnesota,Marshall,MN_MARSHALL
Minnesota,Martin,MN_MARTIN
Minnesota,Mcleod,MN_MCLEOD
Minnesota,Meeker,MN_MEEKER
Minnesota,Mille Lacs,MN_MILLE_LACS
Minnesota,Morrison,MN_MORRISON
Minnesota,Mower,MN_MOWER
Minnesota,Murray,MN_MURRAY
Minnesota,Nicollet,MN_NICOLLET
Minnesota,Nobles,MN_NOBLES
Minnesota,Norman,MN_NORMAN
Minnesota,Olmsted,MN_OLMSTED
Minnesota,Otter Tail,MN_OTTER_TAIL
Minnesota,Pennington,MN_PENNINGTON
Minnesota,Pine,MN_PINE
Minnesota,Pipestone,MN_PIPESTONE
Minnesota,Polk,MN_POLK
Minnesota,Pope,MN_POPE
Minnesota,Ramsey,MN_RAMSEY
Minnesota,Red Lake,MN_RED_LAKE
Minnesota,Redwood,MN_REDWOOD
Minnesota,Renville,MN_RENVILLE
Minnesota,Rice,MN_RICE
Minnesota,Rock,MN_ROCK
Minnesota,Roseau,MN_ROSEAU
Minnesota,Scott,MN_SCOTT
Minnesota,Sherburne,MN_SHERBURNE
Minnesota,Sibley,MN_SIBLEY
Minnesota,St Louis,MN_ST_LOUIS
Minnesota,Stearns,MN_STEARNS
Minnesota,Steele,MN_STEELE
Minnesota,Stevens,MN_STEVENS
Minnesota,Swift,MN_SWIFT
Minnesota,Todd,MN_TODD
Minnesota,Traverse,MN_TRAVERSE
Minnesota,Wabasha,MN_WABASHA
Minnesota,Wadena,MN_WADENA
Minnesota,Waseca,MN_WASECA
Minnesota,Washington,MN_WASHINGTON
Minnesota,Watonwan,MN_WATONWAN
Minnesota,Wilkin,MN_WILKIN
Minnesota,Winona,MN_WINONA
Minnesota,Wright,MN_WRIGHT
Minnesota,Yellow Medicine,MN_YELLOW_MEDICINE
Mississippi,Adams,MS_ADAMS
Mississippi,Alcorn,MS_ALCORN
Mississippi,Amite,MS_AMITE
Mississippi,Attala,MS_ATTALA
Mississippi,Benton,MS_BENTON
Mississippi,Bolivar,MS_BOLIVAR
Mississippi,Calhoun,MS_CALHOUN
Mississippi,Carroll,MS_CARROLL
Mississippi,Chickasaw,MS_CHICKASAW
Mississippi,Choctaw,MS_CHOCTAW
Mississippi,Claiborne,MS_CLAIBORNE
Mississippi,Clarke,MS_CLARKE
Mississippi,Clay,MS_CLAY
Mississippi,Coahoma,MS_COAHOMA
Mississippi,Copiah,MS_COPIAH
Mississippi,Covington,MS_COVINGTON
Mississippi,De Soto,MS_DE_SOTO
Mississippi,Forrest,MS_FORREST
Mississippi,Franklin,MS_FRANKLIN
Mississippi,George,MS_GEORGE
Mississippi,Greene,MS_GREENE
Mississippi,Grenada,MS_GRENADA
Mississippi,Hancock,MS_HANCOCK
Mississippi,Harrison,MS_HARRISON
Mississippi,Hinds,MS_HINDS
Mississippi,Holmes,MS_HOLMES
Mississippi,Humphreys,MS_HUMPHREYS
Mississippi,Issaquena,MS_ISSAQUENA
Mississippi,Itawamba,MS_ITAWAMBA
Mississippi,Jackson,MS_JACKSON
Mississippi,Jasper,MS_JASPER
Mississippi,Jefferson,MS_JEFFERSON
Mississippi,Jefferson Davis,MS_JEFFERSON_DAVIS
Mississippi,Jones,MS_JONES
Mississippi,Kemper,MS_KEMPER
Mississippi,Lafayette,MS_LAFAYETTE
Mississippi,Lamar,MS_LAMAR
Mississippi,Lauderdale,MS_LAUDERDALE
Mississippi,Lawrence,MS_LAWRENCE
Mississippi,Leake,MS_LEAKE
Mississippi,Lee,MS_LEE
Mississippi,Leflore,MS_LEFLORE
Mississippi,Lincoln,MS_LINCOLN
Mississippi,Lowndes,MS_LOWNDES
Mississippi,Madison,MS_MADISON
Mississippi,Marion,MS_MARION
Mississippi,Marshall,MS_MARSHALL
Mississippi,Monroe,MS_MONROE
Mississippi,Montgomery,MS_MONTGOMERY
Mississippi,Neshoba,MS_NESHOBA
Mississippi,Newton,MS_NEWTON
Mississippi,Noxubee,MS_NOXUBEE
Mississippi,Oktibbeha,MS_OKTIBBEHA
Mississippi,Panola,MS_PANOLA
Mississippi,Pearl River,MS_PEARL_RIVER
Mississippi,Perry,MS_PERRY
Mississippi,Pike,MS_PIKE
Mississippi,Pontotoc,MS_PONTOTOC
Mississippi,Prentiss,MS_PRENTISS
Mississippi,Quitman,MS_QUITMAN
Mississippi,Rankin,MS_RANKIN
Mississippi,Scott,MS_SCOTT
Mississippi,Sharkey,MS_SHARKEY
Mississippi,Simpson,MS_SIMPSON
Mississippi,Smith,MS_SMITH
Mississippi,Stone,MS_STONE
Mississippi,Sunflower,MS_SUNFLOWER
Mississippi,Tallahatchie,MS_TALLAHATCHIE
Mississippi,Tate,MS_TATE
Mississippi,Tippah,MS_TIPPAH
Mississippi,Tishomingo,MS_TISHOMINGO
Mississippi,Tunica,MS_TUNICA
Mississippi,Union,MS_UNION
Mississippi,Walthall,MS_WALTHALL
Mississippi,Warren,MS_WARREN
Mississippi,Washington,MS_WASHINGTON
Mississippi,Wayne,MS_WAYNE
Mississippi,Webster,MS_WEBSTER
Mississippi,Wilkinson,MS_WILKINSON
Mississippi,Winston,MS_WINSTON
Mississippi,Yalobusha,MS_YALOBUSHA
Mississippi,Yazoo,MS_YAZOO
Missouri,Adair,MO_ADAIR
Missouri,Andrew,MO_ANDREW
Missouri,Atchison,MO_ATCHISON
Missouri,Audrain,MO_AUDRAIN
Missouri,Barry,MO_BARRY
Missouri,Barton,MO_BARTON
Missouri,Bates,MO_BATES
Missouri,Benton,MO_BENTON
Missouri,Bollinger,MO_BOLLINGER
Missouri,Boone,MO_BOONE
Missouri,Buchanan,MO_BUCHANAN
Missouri,Butler,MO_BUTLER
Missouri,Caldwell,MO_CALDWELL
Missouri,Callaway,MO_CALLAWAY
Missouri,Camden,MO_CAMDEN
Missouri,Cape Girardeau,MO_CAPE_GIRARDEAU
Missouri,Carroll,MO_CARROLL
Missouri,Carter,MO_CARTER
Missouri,Cass,MO_CASS
Missouri,Cedar,MO_CEDAR
Missouri,Chariton,MO_CHARITON
Missouri,Christian,MO_CHRISTIAN
Missouri,Clark,MO_CLARK
Missouri,Clay,MO_CLAY
Missouri,Clinton,MO_CLINTON
Missouri,Cole,MO_COLE
Missouri,Cooper,MO_COOPER
Missouri,Crawford,MO_CRAWFORD
Missouri,Dade,MO_DADE
Missouri,Dallas,MO_DALLAS
Missouri,Daviess,MO_DAVIESS
Missouri,Dekalb,MO_DEKALB
Missouri,Dent,MO_DENT
Missouri,Douglas,MO_DOUGLAS
Missouri,Dunklin,MO_DUNKLIN
Missouri,Franklin,MO_FRANKLIN
Missouri,Gasconade,MO_GASCONADE
Missouri,Gentry,MO_GENTRY
Missouri,Greene,MO_GREENE
Missouri,Grundy,MO_GRUNDY
Missouri,Harrison,MO_HARRISON
Missouri,Henry,MO_HENRY
Missouri,Hickory,MO_HICKORY
Missouri,Holt,MO_HOLT
Missouri,Howard,MO_HOWARD
Missouri,Howell,MO_HOWELL
Missouri,Iron,MO_IRON
Missouri,Jackson,MO_JACKSON
Missouri,Jasper,MO_JASPER
Missouri,Jefferson,MO_JEFFERSON
Missouri,Johnson,MO_JOHNSON
Missouri,Knox,MO_KNOX
Missouri,Laclede,MO_LACLEDE
Missouri,Lafayette,MO_LAFAYETTE
Missouri,Lawrence,MO_LAWRENCE
Missouri,Lewis,MO_LEWIS
Missouri,Lincoln,MO_LINCOLN
Missouri,Linn,MO_LINN
Missouri,Livingston,MO_LIVINGSTON
Missouri,Macon,MO_MACON
Missouri,Madison,MO_MADISON
Missouri,Maries,MO_MARIES
Missouri,Marion,MO_MARION
Missouri,Mcdonald,MO_MCDONALD
Missouri,Mercer,MO_MERCER
Missouri,Miller,MO_MILLER
Missouri,Mississippi,MO_MISSISSIPPI
Missouri,Moniteau,MO_MONITEAU
Missouri,Monroe,MO_MONROE
Missouri,Montgomery,MO_MONTGOMERY
Missouri,Morgan,MO_MORGAN
Missouri,New Madrid,MO_NEW_MADRID
Missouri,Newton,MO_NEWTON
Missouri,Nodaway,MO_NODAWAY
Missouri,Oregon,MO_OREGON
Missouri,Osage,MO_OSAGE
Missouri,Ozark,MO_OZARK
Missouri,Pemiscot,MO_PEMISCOT
Missouri,Perry,MO_PERRY
Missouri,Pettis,MO_PETTIS
Missouri,Phelps,MO_PHELPS
Missouri,Pike,MO_PIKE
Missouri,Platte,MO_PLATTE
Missouri,Polk,MO_POLK
Missouri,Pulaski,MO_PULASKI
Missouri,Putnam,MO_PUTNAM
Missouri,Ralls,MO_RALLS
Missouri,Randolph,MO_RANDOLPH
Missouri,Ray,MO_RAY
Missouri,Reynolds,MO_REYNOLDS
Missouri,Ripley,MO_RIPLEY
Missouri,Saline,MO_SALINE
Missouri,Schuyler,MO_SCHUYLER
Missouri,Scotland,MO_SCOTLAND
Missouri,Scott,MO_SCOTT
Missouri,Shannon,MO_SHANNON
Missouri,Shelby,MO_SHELBY
Missouri,St Charles,MO_ST_CHARLES
Missouri,St Clair,MO_ST_CLAIR
Missouri,St Francois,MO_ST_FRANCOIS
Missouri,St Louis,MO_ST_LOUIS
Missouri,St Louis (City),MO_ST_LOUIS__CITY_
Missouri,Ste Genevieve,MO_STE_GENEVIEVE
Missouri,Stoddard,MO_STODDARD
Missouri,Stone,MO_STONE
Missouri,Sullivan,MO_SULLIVAN
Missouri,Taney,MO_TANEY
Missouri,Texas,MO_TEXAS
Missouri,Vernon,MO_VERNON
Missouri,Warren,MO_WARREN
Missouri,Washington,MO_WASHINGTON
Missouri,Wayne,MO_WAYNE
Missouri,Webster,MO_WEBSTER
Missouri,Worth,MO_WORTH
Missouri,Wright,MO_WRIGHT
Montana,Beaverhead,MT_BEAVERHEAD
Montana,Big Horn,MT_BIG_HORN
Montana,Blaine,MT_BLAINE
Montana,Broadwater,MT_BROADWATER
Montana,Carbon,MT_CARBON
Montana,Carter,MT_CARTER
Montana,Cascade,MT_CASCADE
Montana,Chouteau,MT_CHOUTEAU
Montana,Custer,MT_CUSTER
Montana,Daniels,MT_DANIELS
Montana,Dawson,MT_DAWSON
Montana,Deer Lodge,MT_DEER_LODGE
Montana,Fallon,MT_FALLON
Montana,Fergus,MT_FERGUS
Montana,Flathead,MT_FLATHEAD
Montana,Gallatin,MT_GALLATIN
Montana,Garfield,MT_GARFIELD
Montana,Glacier,MT_GLACIER
Montana,Golden Valley,MT_GOLDEN_VALLEY
Montana,Granite,MT_GRANITE
Montana,Hill,MT_HILL
Montana,Jefferson,MT_JEFFERSON
Montana,Judith Basin,MT_JUDITH_BASIN
Montana,Lake,MT_LAKE
Montana,Lewis And Clark,MT_LEWIS_AND_CLARK
Montana,Liberty,MT_LIBERTY
Montana,Lincoln,MT_LINCOLN
Montana,Madison,MT_MADISON
Montana,Mccone,MT_MCCONE
Montana,Meagher,MT_MEAGHER
Montana,Mineral,MT_MINERAL
Montana,Missoula,MT_MISSOULA
Montana,Musselshell,MT_MUSSELSHELL
Montana,Park,MT_PARK
Montana,Petroleum,MT_PETROLEUM
Montana,Phillips,MT_PHILLIPS
Montana,Pondera,MT_PONDERA
Montana,Powder River,MT_POWDER_RIVER
Montana,Powell,MT_POWELL
Montana,Prairie,MT_PRAIRIE
Montana,Ravalli,MT_RAVALLI
Montana,Richland,MT_RICHLAND
Montana,Roosevelt,MT_ROOSEVELT
Montana,Rosebud,MT_ROSEBUD
Montana,Sanders,MT_SANDERS
Montana,Sheridan,MT_SHERIDAN
Montana,Silver Bow,MT_SILVER_BOW
Montana,Stillwater,MT_STILLWATER
Montana,Sweet Grass,MT_SWEET_GRASS
Montana,Teton,MT_TETON
Montana,Toole,MT_TOOLE
Montana,Treasure,MT_TREASURE
Montana,Valley,MT_VALLEY
Montana,Wheatland,MT_WHEATLAND
Montana,Wibaux,MT_WIBAUX
Montana,Yellowstone,MT_YELLOWSTONE
Nebraska,Adams,NE_ADAMS
Nebraska,Antelope,NE_ANTELOPE
Nebraska,Arthur,NE_ARTHUR
Nebraska,Banner,NE_BANNER
Nebraska,Blaine,NE_BLAINE
Nebraska,Boone,NE_BOONE
Nebraska,Box Butte,NE_BOX_BUTTE
Nebraska,Boyd,NE_BOYD
Nebraska,Brown,NE_BROWN
Nebraska,Buffalo,NE_BUFFALO
Nebraska,Burt,NE_BURT
Nebraska,Butler,NE_BUTLER
Nebraska,Cass,NE_CASS
Nebraska,Cedar,NE_CEDAR
Nebraska,Chase,NE_CHASE
Nebraska,Cherry,NE_CHERRY
Nebraska,Cheyenne,NE_CHEYENNE
Nebraska,Clay,NE_CLAY
Nebraska,Colfax,NE_COLFAX
Nebraska,Cuming,NE_CUMING
Nebraska,Custer,NE_CUSTER
Nebraska,Dakota,NE_DAKOTA
Nebraska,Dawes,NE_DAWES
Nebraska,Dawson,NE_DAWSON
Nebraska,Deuel,NE_DEUEL
Nebraska,Dixon,NE_DIXON
Nebraska,Dodge,NE_DODGE
Nebraska,Douglas,NE_DOUGLAS
Nebraska,Dundy,NE_DUNDY
Nebraska,Fillmore,NE_FILLMORE
Nebraska,Franklin,NE_FRANKLIN
Nebraska,Frontier,NE_FRONTIER
Nebraska,Furnas,NE_FURNAS
Nebraska,Gage,NE_GAGE
Nebraska,Garden,NE_GARDEN
Nebraska,Garfield,NE_GARFIELD
Nebraska,Gosper,NE_GOSPER
Nebraska,Grant,NE_GRANT
Nebraska,Greeley,NE_GREELEY
Nebraska,Hall,NE_HALL
Nebraska,Hamilton,NE_HAMILTON
Nebraska,Harlan,NE_HARLAN
Nebraska,Hayes,NE_HAYES
Nebraska,Hitchcock,NE_HITCHCOCK
Nebraska,Holt,NE_HOLT
Nebraska,Hooker,NE_HOOKER
Nebraska,Howard,NE_HOWARD
Nebraska,Jefferson,NE_JEFFERSON
Nebraska,Johnson,NE_JOHNSON
Nebraska,Kearney,NE_KEARNEY
Nebraska,Keith,NE_KEITH
Nebraska,Keya Paha,NE_KEYA_PAHA
Nebraska,Kimball,NE_KIMBALL
Nebraska,Knox,NE_KNOX
Nebraska,Lancaster,NE_LANCASTER
Nebraska,Lincoln,NE_LINCOLN
Nebraska,Logan,NE_LOGAN
Nebraska,Loup,NE_LOUP
Nebraska,Madison,NE_MADISON
Nebraska,Mcpherson,NE_MCPHERSON
Nebraska,Merrick,NE_MERRICK
Nebraska,Morrill,NE_MORRILL
Nebraska,Nance,NE_NANCE
Nebraska,Nemaha,NE_NEMAHA
Nebraska,Nuckolls,NE_NUCKOLLS
Nebraska,Otoe,NE_OTOE
Nebraska,Pawnee,NE_PAWNEE
Nebraska,Perkins,NE_PERKINS
Nebraska,Phelps,NE_PHELPS
Nebraska,Pierce,NE_PIERCE
Nebraska,Platte,NE_PLATTE
Nebraska,Polk,NE_POLK
Nebraska,Red Willow,NE_RED_WILLOW
Nebraska,Richardson,NE_RICHARDSON
Nebraska,Rock,NE_ROCK
Nebraska,Saline,NE_SALINE
Nebraska,Sarpy,NE_SARPY
Nebraska,Saunders,NE_SAUNDERS
Nebraska,Scotts Bluff,NE_SCOTTS_BLUFF
Nebraska,Seward,NE_SEWARD
Nebraska,Sheridan,NE_SHERIDAN
Nebraska,Sherman,NE_SHERMAN
Nebraska,Sioux,NE_SIOUX
Nebraska,Stanton,NE_STANTON
Nebraska,Thayer,NE_THAYER
Nebraska,Thomas,NE_THOMAS
Nebraska,Thurston,NE_THURSTON
Nebraska,Valley,NE_VALLEY
Nebraska,Washington,NE_WASHINGTON
Nebraska,Wayne,NE_WAYNE
Nebraska,Webster,NE_WEBSTER
Nebraska,Wheeler,NE_WHEELER
Nebraska,York,NE_YORK
Nevada,Carson City (City),NV_CARSON_CITY__CITY_
Nevada,Churchill,NV_CHURCHILL
Nevada,Clark,NV_CLARK
Nevada,Douglas,NV_DOUGLAS
Nevada,Elko,NV_ELKO
Nevada,Esmeralda,NV_ESMERALDA
Nevada,Eureka,NV_EUREKA
Nevada,Humboldt,NV_HUMBOLDT
Nevada,Lander,NV_LANDER
Nevada,Lincoln,NV_LINCOLN
Nevada,Lyon,NV_LYON
Nevada,Mineral,NV_MINERAL
Nevada,Nye,NV_NYE
Nevada,Pershing,NV_PERSHING
Nevada,Storey,NV_STOREY
Nevada,Washoe,NV_WASHOE
Nevada,White Pine,NV_WHITE_PINE
New Hampshire,Belknap,NH_BELKNAP
New Hampshire,Carroll,NH_CARROLL
New Hampshire,Cheshire,NH_CHESHIRE
New Hampshire,Coos,NH_COOS
New Hampshire,Grafton,NH_GRAFTON
New Hampshire,Hillsborough,NH_HILLSBOROUGH
New Hampshire,Merrimack,NH_MERRIMACK
New Hampshire,Rockingham,NH_ROCKINGHAM
New Hampshire,Strafford,NH_STRAFFORD
New Hampshire,Sullivan,NH_SULLIVAN
New Jersey,Atlantic,NJ_ATLANTIC
New Jersey,Bergen,NJ_BERGEN
New Jersey,Burlington,NJ_BURLINGTON
New Jersey,Camden,NJ_CAMDEN
New Jersey,Cape May,NJ_CAPE_MAY
New Jersey,Cumberland,NJ_CUMBERLAND
New Jersey,Essex,NJ_ESSEX
New Jersey,Gloucester,NJ_GLOUCESTER
New Jersey,Hudson,NJ_HUDSON
New Jersey,Hunterdon,NJ_HUNTERDON
New Jersey,Mercer,NJ_MERCER
New Jersey,Middlesex,NJ_MIDDLESEX
New Jersey,Monmouth,NJ_MONMOUTH
New Jersey,Morris,NJ_MORRIS
New Jersey,Ocean,NJ_OCEAN
New Jersey,Passaic,NJ_PASSAIC
New Jersey,Salem,NJ_SALEM
New Jersey,Somerset,NJ_SOMERSET
New Jersey,Sussex,NJ_SUSSEX
New Jersey,Union,NJ_UNION
New Jersey,Warren,NJ_WARREN
New Mexico,Bernalillo,NM_BERNALILLO
New Mexico,Catron,NM_CATRON
New Mexico,Chaves,NM_CHAVES
New Mexico,Cibola,NM_CIBOLA
New Mexico,Colfax,NM_COLFAX
New Mexico,Curry,NM_CURRY
New Mexico,De Baca,NM_DE_BACA
New Mexico,Dona Ana,NM_DONA_ANA
New Mexico,Eddy,NM_EDDY
New Mexico,Grant,NM_GRANT
New Mexico,Guadalupe,NM_GUADALUPE
New Mexico,Harding,NM_HARDING
New Mexico,Hidalgo,NM_HIDALGO
New Mexico,Lea,NM_LEA
New Mexico,Lincoln,NM_LINCOLN
New Mexico,Los Alamos,NM_LOS_ALAMOS
New Mexico,Luna,NM_LUNA
New Mexico,Mckinley,NM_MCKINLEY
New Mexico,Mora,NM_MORA
New Mexico,Otero,NM_OTERO
New Mexico,Quay,NM_QUAY
New Mexico,Rio Arriba,NM_RIO_ARRIBA
New Mexico,Roosevelt,NM_ROOSEVELT
New Mexico,San Juan,NM_SAN_JUAN
New Mexico,San Miguel,NM_SAN_MIGUEL
New Mexico,Sandoval,NM_SANDOVAL
New Mexico,Santa Fe,NM_SANTA_FE
New Mexico,Sierra,NM_SIERRA
New Mexico,Socorro,NM_SOCORRO
New Mexico,Taos,NM_TAOS
New Mexico,Torrance,NM_TORRANCE
New Mexico,Union,NM_UNION
New Mexico,Valencia,NM_VALENCIA
New York,Albany,NY_ALBANY
New York,Allegany,NY_ALLEGANY
New York,Bronx,NY_BRONX
New York,Broome,NY_BROOME
New York,Cattaraugus,NY_CATTARAUGUS
New York,Cayuga,NY_CAYUGA
New York,Chautauqua,NY_CHAUTAUQUA
New York,Chemung,NY_CHEMUNG
New York,Chenango,NY_CHENANGO
New York,Clinton,NY_CLINTON
New York,Columbia,NY_COLUMBIA
New York,Cortland,NY_CORTLAND
New York,Delaware,NY_DELAWARE
New York,Dutchess,NY_DUTCHESS
New York,Erie,NY_ERIE
New York,Essex,NY_ESSEX
New York,Franklin,NY_FRANKLIN
New York,Fulton,NY_FULTON
New York,Genesee,NY_GENESEE
New York,Greene,NY_GREENE
New York,Hamilton,NY_HAMILTON
New York,Herkimer,NY_HERKIMER
New York,Jefferson,NY_JEFFERSON
New York,Kings,NY_KINGS
New York,Lewis,NY_LEWIS
New York,Livingston,NY_LIVINGSTON
New York,Madison,NY_MADISON
New York,Monroe,NY_MONROE
New York,Montgomery,NY_MONTGOMERY
New York,Nassau,NY_NASSAU
New York,New York,NY_NEW_YORK
New York,Niagara,NY_NIAGARA
New York,Oneida,NY_ONEIDA
New York,Onondaga,NY_ONONDAGA
New York,Ontario,NY_ONTARIO
New York,Orange,NY_ORANGE
New York,Orleans,NY_ORLEANS
New York,Oswego,NY_OSWEGO
New York,Otsego,NY_OTSEGO
New York,Putnam,NY_PUTNAM
New York,Queens,NY_QUEENS
New York,Rensselaer,NY_RENSSELAER
New York,Richmond,NY_RICHMOND
New York,Rockland,NY_ROCKLAND
New York,Saratoga,NY_SARATOGA
New York,Schenectady,NY_SCHENECTADY
New York,Schoharie,NY_SCHOHARIE
New York,Schuyler,NY_SCHUYLER
New York,Seneca,NY_SENECA
New York,St Lawrence,NY_ST_LAWRENCE
New York,Steuben,NY_STEUBEN
New York,Suffolk,NY_SUFFOLK
New York,Sullivan,NY_SULLIVAN
New York,Tioga,NY_TIOGA
New York,Tompkins,NY_TOMPKINS
New York,Ulster,NY_ULSTER
New York,Warren,NY_WARREN
New York,Washington,NY_WASHINGTON
New York,Wayne,NY_WAYNE
New York,Westchester,NY_WESTCHESTER
New York,Wyoming,NY_WYOMING
New York,Yates,NY_YATES
North Carolina,Alamance,NC_ALAMANCE
North Carolina,Alexander,NC_ALEXANDER
North Carolina,Alleghany,NC_ALLEGHANY
North Carolina,Anson,NC_ANSON
North Carolina,Ashe,NC_ASHE
North Carolina,Avery,NC_AVERY
North Carolina,Beaufort,NC_BEAUFORT
North Carolina,Bertie,NC_BERTIE
North Carolina,Bladen,NC_BLADEN
North Carolina,Brunswick,NC_BRUNSWICK
North Carolina,Buncombe,NC_BUNCOMBE
North Carolina,Burke,NC_BURKE
North Carolina,Cabarrus,NC_CABARRUS
North Carolina,Caldwell,NC_CALDWELL
North Carolina,Camden,NC_CAMDEN
North Carolina,Carteret,NC_CARTERET
North Carolina,Caswell,NC_CASWELL
North Carolina,Catawba,NC_CATAWBA
North Carolina,Chatham,NC_CHATHAM
North Carolina,Cherokee,NC_CHEROKEE
North Carolina,Chowan,NC_CHOWAN
North Carolina,Clay,NC_CLAY
North Carolina,Cleveland,NC_CLEVELAND
North Carolina,Columbus,NC_COLUMBUS
North Carolina,Craven,NC_CRAVEN
North Carolina,Cumberland,NC_CUMBERLAND
North Carolina,Currituck,NC_CURRITUCK
North Carolina,Dare,NC_DARE
North Carolina,Davidson,NC_DAVIDSON
North Carolina,Davie,NC_DAVIE
North Carolina,Duplin,NC_DUPLIN
North Carolina,Durham,NC_DURHAM
North Carolina,Edgecombe,NC_EDGECOMBE
North Carolina,Forsyth,NC_FORSYTH
North Carolina,Franklin,NC_FRANKLIN
North Carolina,Gaston,NC_GASTON
North Carolina,Gates,NC_GATES
North Carolina,Graham,NC_GRAHAM
North Carolina,Granville,NC_GRANVILLE
North Carolina,Greene,NC_GREENE
North Carolina,Guilford,NC_GUILFORD
North Carolina,Halifax,NC_HALIFAX
North Carolina,Harnett,NC_HARNETT
North Carolina,Haywood,NC_HAYWOOD
North Carolina,Henderson,NC_HENDERSON
North Carolina,Hertford,NC_HERTFORD
North Carolina,Hoke,NC_HOKE
North Carolina,Hyde,NC_HYDE
North Carolina,Iredell,NC_IREDELL
North Carolina,Jackson,NC_JACKSON
North Carolina,Johnston,NC_JOHNSTON
North Carolina,Jones,NC_JONES
North Carolina,Lee,NC_LEE
North Carolina,Lenoir,NC_LENOIR
North Carolina,Lincoln,NC_LINCOLN
North Carolina,Macon,NC_MACON
North Carolina,Madison,NC_MADISON
North Carolina,Martin,NC_MARTIN
North Carolina,Mcdowell,NC_MCDOWELL
North Carolina,Mecklenburg,NC_MECKLENBURG
North Carolina,Mitchell,NC_MITCHELL
North Carolina,Montgomery,NC_MONTGOMERY
North Carolina,Moore,NC_MOORE
North Carolina,Nash,NC_NASH
North Carolina,New Hanover,NC_NEW_HANOVER
North Carolina,Northampton,NC_NORTHAMPTON
North Carolina,Onslow,NC_ONSLOW
North Carolina,Orange,NC_ORANGE
North Carolina,Pamlico,NC_PAMLICO
North Carolina,Pasquotank,NC_PASQUOTANK
North Carolina,Pender,NC_PENDER
North Carolina,Perquimans,NC_PERQUIMANS
North Carolina,Person,NC_PERSON
North Carolina,Pitt,NC_PITT
North Carolina,Polk,NC_POLK
North Carolina,Randolph,NC_RANDOLPH
North Carolina,Richmond,NC_RICHMOND
North Carolina,Robeson,NC_ROBESON
North Carolina,Rockingham,NC_ROCKINGHAM
North Carolina,Rowan,NC_ROWAN
North Carolina,Rutherford,NC_RUTHERFORD
North Carolina,Sampson,NC_SAMPSON
North Carolina,Scotland,NC_SCOTLAND
North Carolina,Stanly,NC_STANLY
North Carolina,Stokes,NC_STOKES
North Carolina,Surry,NC_SURRY
North Carolina,Swain,NC_SWAIN
North Carolina,Transylvania,NC_TRANSYLVANIA
North Carolina,Tyrrell,NC_TYRRELL
North Carolina,Union,NC_UNION
North Carolina,Vance,NC_VANCE
North Carolina,Wake,NC_WAKE
North Carolina,Warren,NC_WARREN
North Carolina,Washington,NC_WASHINGTON
North Carolina,Watauga,NC_WATAUGA
North Carolina,Wayne,NC_WAYNE
North Carolina,Wilkes,NC_WILKES
North Carolina,Wilson,NC_WILSON
North Carolina,Yadkin,NC_YADKIN
North Carolina,Yancey,NC_YANCEY
North Dakota,Adams,ND_ADAMS
North Dakota,Barnes,ND_BARNES
North Dakota,Benson,ND_BENSON
North Dakota,Billings,ND_BILLINGS
North Dakota,Bottineau,ND_BOTTINEAU
North Dakota,Bowman,ND_BOWMAN
North Dakota,Burke,ND_BURKE
North Dakota,Burleigh,ND_BURLEIGH
North Dakota,Cass,ND_CASS
North Dakota,Cavalier,ND_CAVALIER
North Dakota,Dickey,ND_DICKEY
North Dakota,Divide,ND_DIVIDE
North Dakota,Dunn,ND_DUNN
North Dakota,Eddy,ND_EDDY
North Dakota,Emmons,ND_EMMONS
North Dakota,Foster,ND_FOSTER
North Dakota,Golden Valley,ND_GOLDEN_VALLEY
North Dakota,Grand Forks,ND_GRAND_FORKS
North Dakota,Grant,ND_GRANT
North Dakota,Griggs,ND_GRIGGS
North Dakota,Hettinger,ND_HETTINGER
North Dakota,Kidder,ND_KIDDER
North Dakota,Lamoure,ND_LAMOURE
North Dakota,Logan,ND_LOGAN
North Dakota,Mchenry,ND_MCHENRY
North Dakota,Mcintosh,ND_MCINTOSH
North Dakota,Mckenzie,ND_MCKENZIE
North Dakota,Mclean,ND_MCLEAN
North Dakota,Mercer,ND_MERCER
North Dakota,Morton,ND_MORTON
North Dakota,Mountrail,ND_MOUNTRAIL
North Dakota,Nelson,ND_NELSON
North Dakota,Oliver,ND_OLIVER
North Dakota,Pembina,ND_PEMBINA
North Dakota,Pierce,ND_PIERCE
North Dakota,Ramsey,ND_RAMSEY
North Dakota,Ransom,ND_RANSOM
North Dakota,Renville,ND_RENVILLE
North Dakota,Richland,ND_RICHLAND
North Dakota,Rolette,ND_ROLETTE
North Dakota,Sargent,ND_SARGENT
North Dakota,Sheridan,ND_SHERIDAN
North Dakota,Sioux,ND_SIOUX
North Dakota,Slope,ND_SLOPE
North Dakota,Stark,ND_STARK
North Dakota,Steele,ND_STEELE
North Dakota,Stutsman,ND_STUTSMAN
North Dakota,Towner,ND_TOWNER
North Dakota,Traill,ND_TRAILL
North Dakota,Walsh,ND_WALSH
North Dakota,Ward,ND_WARD
North Dakota,Wells,ND_WELLS
North Dakota,Williams,ND_WILLIAMS
Ohio,Adams,OH_ADAMS
Ohio,Allen,OH_ALLEN
Ohio,Ashland,OH_ASHLAND
Ohio,Ashtabula,OH_ASHTABULA
Ohio,Athens,OH_ATHENS
Ohio,Auglaize,OH_AUGLAIZE
Ohio,Belmont,OH_BELMONT
Ohio,Brown,OH_BROWN
Ohio,Butler,OH_BUTLER
Ohio,Carroll,OH_CARROLL
Ohio,Champaign,OH_CHAMPAIGN
Ohio,Clark,OH_CLARK
Ohio,Clermont,OH_CLERMONT
Ohio,Clinton,OH_CLINTON
Ohio,Columbiana,OH_COLUMBIANA
Ohio,Coshocton,OH_COSHOCTON
Ohio,Crawford,OH_CRAWFORD
Ohio,Cuyahoga,OH_CUYAHOGA
Ohio,Darke,OH_DARKE
Ohio,Defiance,OH_DEFIANCE
Ohio,Delaware,OH_DELAWARE
Ohio,Erie,OH_ERIE
Ohio,Fairfield,OH_FAIRFIELD
Ohio,Fayette,OH_FAYETTE
Ohio,Franklin,OH_FRANKLIN
Ohio,Fulton,OH_FULTON
Ohio,Gallia,OH_GALLIA
Ohio,Geauga,OH_GEAUGA
Ohio,Greene,OH_GREENE
Ohio,Guernsey,OH_GUERNSEY
Ohio,Hamilton,OH_HAMILTON
Ohio,Hancock,OH_HANCOCK
Ohio,Hardin,OH_HARDIN
Ohio,Harrison,OH_HARRISON
Ohio,Henry,OH_HENRY
Ohio,Highland,OH_HIGHLAND
Ohio,Hocking,OH_HOCKING
Ohio,Holmes,OH_HOLMES
Ohio,Huron,OH_HURON
Ohio,Jackson,OH_JACKSON
Ohio,Jefferson,OH_JEFFERSON
Ohio,Knox,OH_KNOX
Ohio,Lake,OH_LAKE
Ohio,Lawrence,OH_LAWRENCE
Ohio,Licking,OH_LICKING
Ohio,Logan,OH_LOGAN
Ohio,Lorain,OH_LORAIN
Ohio,Lucas,OH_LUCAS
Ohio,Madison,OH_MADISON
Ohio,Mahoning,OH_MAHONING
Ohio,Marion,OH_MARION
Ohio,Medina,OH_MEDINA
Ohio,Meigs,OH_MEIGS
Ohio,Mercer,OH_MERCER
Ohio,Miami,OH_MIAMI
Ohio,Monroe,OH_MONROE
Ohio,Montgomery,OH_MONTGOMERY
Ohio,Morgan,OH_MORGAN
Ohio,Morrow,OH_MORROW
Ohio,Muskingum,OH_MUSKINGUM
Ohio,Noble,OH_NOBLE
Ohio,Ottawa,OH_OTTAWA
Ohio,Paulding,OH_PAULDING
Ohio,Perry,OH_PERRY
Ohio,Pickaway,OH_PICKAWAY
Ohio,Pike,OH_PIKE
Ohio,Portage,OH_PORTAGE
Ohio,Preble,OH_PREBLE
Ohio,Putnam,OH_PUTNAM
Ohio,Richland,OH_RICHLAND
Ohio,Ross,OH_ROSS
Ohio,Sandusky,OH_SANDUSKY
Ohio,Scioto,OH_SCIOTO
Ohio,Seneca,OH_SENECA
Ohio,Shelby,OH_SHELBY
Ohio,Stark,OH_STARK
Ohio,Summit,OH_SUMMIT
Ohio,Trumbull,OH_TRUMBULL
Ohio,Tuscarawas,OH_TUSCARAWAS
Ohio,Union,OH_UNION
Ohio,Van Wert,OH_VAN_WERT
Ohio,Vinton,OH_VINTON
Ohio,Warren,OH_WARREN
Ohio,Washington,OH_WASHINGTON
Ohio,Wayne,OH_WAYNE
Ohio,Williams,OH_WILLIAMS
Ohio,Wood,OH_WOOD
Ohio,Wyandot,OH_WYANDOT
Oklahoma,Adair,OK_ADAIR
Oklahoma,Alfalfa,OK_ALFALFA
Oklahoma,Atoka,OK_ATOKA
Oklahoma,Beaver,OK_BEAVER
Oklahoma,Beckham,OK_BECKHAM
Oklahoma,Blaine,OK_BLAINE
Oklahoma,Bryan,OK_BRYAN
Oklahoma,Caddo,OK_CADDO
Oklahoma,Canadian,OK_CANADIAN
Oklahoma,Carter,OK_CARTER
Oklahoma,Cherokee,OK_CHEROKEE
Oklahoma,Choctaw,OK_CHOCTAW
Oklahoma,Cimarron,OK_CIMARRON
Oklahoma,Cleveland,OK_CLEVELAND
Oklahoma,Coal,OK_COAL
Oklahoma,Comanche,OK_COMANCHE
Oklahoma,Cotton,OK_COTTON
Oklahoma,Craig,OK_CRAIG
Oklahoma,Creek,OK_CREEK
Oklahoma,Custer,OK_CUSTER
Oklahoma,Delaware,OK_DELAWARE
Oklahoma,Dewey,OK_DEWEY
Oklahoma,Ellis,OK_ELLIS
Oklahoma,Garfield,OK_GARFIELD
Oklahoma,Garvin,OK_GARVIN
Oklahoma,Grady,OK_GRADY
Oklahoma,Grant,OK_GRANT
Oklahoma,Greer,OK_GREER
Oklahoma,Harmon,OK_HARMON
Oklahoma,Harper,OK_HARPER
Oklahoma,Haskell,OK_HASKELL
Oklahoma,Hughes,OK_HUGHES
Oklahoma,Jackson,OK_JACKSON
Oklahoma,Jefferson,OK_JEFFERSON
Oklahoma,Johnston,OK_JOHNSTON
Oklahoma,Kay,OK_KAY
Oklahoma,Kingfisher,OK_KINGFISHER
Oklahoma,Kiowa,OK_KIOWA
Oklahoma,Latimer,OK_LATIMER
Oklahoma,Le Flore,OK_LE_FLORE
Oklahoma,Lincoln,OK_LINCOLN
Oklahoma,Logan,OK_LOGAN
Oklahoma,Love,OK_LOVE
Oklahoma,Major,OK_MAJOR
Oklahoma,Marshall,OK_MARSHALL
Oklahoma,Mayes,OK_MAYES
Oklahoma,Mcclain,OK_MCCLAIN
Oklahoma,Mccurtain,OK_MCCURTAIN
Oklahoma,Mcintosh,OK_MCINTOSH
Oklahoma,Murray,OK_MURRAY
Oklahoma,Muskogee,OK_MUSKOGEE
Oklahoma,Noble,OK_NOBLE
Oklahoma,Nowata,OK_NOWATA
Oklahoma,Okfuskee,OK_OKFUSKEE
Oklahoma,Oklahoma,OK_OKLAHOMA
Oklahoma,Okmulgee,OK_OKMULGEE
Oklahoma,Osage,OK_OSAGE
Oklahoma,Ottawa,OK_OTTAWA
Oklahoma,Pawnee,OK_PAWNEE
Oklahoma,Payne,OK_PAYNE
Oklahoma,Pittsburg,OK_PITTSBURG
Oklahoma,Pontotoc,OK_PONTOTOC
Oklahoma,Pottawatomie,OK_POTTAWATOMIE
Oklahoma,Pushmataha,OK_PUSHMATAHA
Oklahoma,Roger Mills,OK_ROGER_MILLS
Oklahoma,Rogers,OK_ROGERS
Oklahoma,Seminole,OK_SEMINOLE
Oklahoma,Sequoyah,OK_SEQUOYAH
Oklahoma,Stephens,OK_STEPHENS
Oklahoma,Texas,OK_TEXAS
Oklahoma,Tillman,OK_TILLMAN
Oklahoma,Tulsa,OK_TULSA
Oklahoma,Wagoner,OK_WAGONER
Oklahoma,Washington,OK_WASHINGTON
Oklahoma,Washita,OK_WASHITA
Oklahoma,Woods,OK_WOODS
Oklahoma,Woodward,OK_WOODWARD
Oregon,Baker,OR_BAKER
Oregon,Benton,OR_BENTON
Oregon,Clackamas,OR_CLACKAMAS
Oregon,Clatsop,OR_CLATSOP
Oregon,Columbia,OR_COLUMBIA
Oregon,Coos,OR_COOS
Oregon,Crook,OR_CROOK
Oregon,Curry,OR_CURRY
Oregon,Deschutes,OR_DESCHUTES
Oregon,Douglas,OR_DOUGLAS
Oregon,Gilliam,OR_GILLIAM
Oregon,Grant,OR_GRANT
Oregon,Harney,OR_HARNEY
Oregon,Hood River,OR_HOOD_RIVER
Oregon,Jackson,OR_JACKSON
Oregon,Jefferson,OR_JEFFERSON
Oregon,Josephine,OR_JOSEPHINE
Oregon,Klamath,OR_KLAMATH
Oregon,Lake,OR_LAKE
Oregon,Lane,OR_LANE
Oregon,Lincoln,OR_LINCOLN
Oregon,Linn,OR_LINN
Oregon,Malheur,OR_MALHEUR
Oregon,Marion,OR_MARION
Oregon,Morrow,OR_MORROW
Oregon,Multnomah,OR_MULTNOMAH
Oregon,Polk,OR_POLK
Oregon,Sherman,OR_SHERMAN
Oregon,Tillamook,OR_TILLAMOOK
Oregon,Umatilla,OR_UMATILLA
Oregon,Union,OR_UNION
Oregon,Wallowa,OR_WALLOWA
Oregon,Wasco,OR_WASCO
Oregon,Washington,OR_WASHINGTON
Oregon,Wheeler,OR_WHEELER
Oregon,Yamhill,OR_YAMHILL
Pennsylvania,Adams,PA_ADAMS
Pennsylvania,Allegheny,PA_ALLEGHENY
Pennsylvania,Armstrong,PA_ARMSTRONG
Pennsylvania,Beaver,PA_BEAVER
Pennsylvania,Bedford,PA_BEDFORD
Pennsylvania,Berks,PA_BERKS
Pennsylvania,Blair,PA_BLAIR
Pennsylvania,Bradford,PA_BRADFORD
Pennsylvania,Bucks,PA_BUCKS
Pennsylvania,Butler,PA_BUTLER
Pennsylvania,Cambria,PA_CAMBRIA
Pennsylvania,Cameron,PA_CAMERON
Pennsylvania,Carbon,PA_CARBON
Pennsylvania,Centre,PA_CENTRE
Pennsylvania,Chester,PA_CHESTER
Pennsylvania,Clarion,PA_CLARION
Pennsylvania,Clearfield,PA_CLEARFIELD
Pennsylvania,Clinton,PA_CLINTON
Pennsylvania,Columbia,PA_COLUMBIA
Pennsylvania,Crawford,PA_CRAWFORD
Pennsylvania,Cumberland,PA_CUMBERLAND
Pennsylvania,Dauphin,PA_DAUPHIN
Pennsylvania,Delaware,PA_DELAWARE
Pennsylvania,Elk,PA_ELK
Pennsylvania,Erie,PA_ERIE
Pennsylvania,Fayette,PA_FAYETTE
Pennsylvania,Forest,PA_FOREST
Pennsylvania,Franklin,PA_FRANKLIN
Pennsylvania,Fulton,PA_FULTON
Pennsylvania,Greene,PA_GREENE
Pennsylvania,Huntingdon,PA_HUNTINGDON
Pennsylvania,Indiana,PA_INDIANA
Pennsylvania,Jefferson,PA_JEFFERSON
Pennsylvania,Juniata,PA_JUNIATA
Pennsylvania,Lackawanna,PA_LACKAWANNA
Pennsylvania,Lancaster,PA_LANCASTER
Pennsylvania,Lawrence,PA_LAWRENCE
Pennsylvania,Lebanon,PA_LEBANON
Pennsylvania,Lehigh,PA_LEHIGH
Pennsylvania,Luzerne,PA_LUZERNE
Pennsylvania,Lycoming,PA_LYCOMING
Pennsylvania,Mckean,PA_MCKEAN
Pennsylvania,Mercer,PA_MERCER
Pennsylvania,Mifflin,PA_MIFFLIN
Pennsylvania,Monroe,PA_MONROE
Pennsylvania,Montgomery,PA_MONTGOMERY
Pennsylvania,Montour,PA_MONTOUR
Pennsylvania,Northampton,PA_NORTHAMPTON
Pennsylvania,Northumberland,PA_NORTHUMBERLAND
Pennsylvania,Perry,PA_PERRY
Pennsylvania,Philadelphia,PA_PHILADELPHIA
Pennsylvania,Pike,PA_PIKE
Pennsylvania,Potter,PA_POTTER
Pennsylvania,Schuylkill,PA_SCHUYLKILL
Pennsylvania,Snyder,PA_SNYDER
Pennsylvania,Somerset,PA_SOMERSET
Pennsylvania,Sullivan,PA_SULLIVAN
Pennsylvania,Susquehanna,PA_SUSQUEHANNA
Pennsylvania,Tioga,PA_TIOGA
Pennsylvania,Union,PA_UNION
Pennsylvania,Venango,PA_VENANGO
Pennsylvania,Warren,PA_WARREN
Pennsylvania,Washington,PA_WASHINGTON
Pennsylvania,Wayne,PA_WAYNE
Pennsylvania,Westmoreland,PA_WESTMORELAND
Pennsylvania,Wyoming,PA_WYOMING
Pennsylvania,York,PA_YORK
Rhode Island,Bristol,RI_BRISTOL
Rhode Island,Kent,RI_KENT
Rhode Island,Newport,RI_NEWPORT
Rhode Island,Providence,RI_PROVIDENCE
Rhode Island,Washington,RI_WASHINGTON
South Carolina,Abbeville,SC_ABBEVILLE
South Carolina,Aiken,SC_AIKEN
South Carolina,Allendale,SC_ALLENDALE
South Carolina,Anderson,SC_ANDERSON
South Carolina,Bamberg,SC_BAMBERG
South Carolina,Barnwell,SC_BARNWELL
South Carolina,Beaufort,SC_BEAUFORT
South Carolina,Berkeley,SC_BERKELEY
South Carolina,Calhoun,SC_CALHOUN
South Carolina,Charleston,SC_CHARLESTON
South Carolina,Cherokee,SC_CHEROKEE
South Carolina,Chester,SC_CHESTER
South Carolina,Chesterfield,SC_CHESTERFIELD
South Carolina,Clarendon,SC_CLARENDON
South Carolina,Colleton,SC_COLLETON
South Carolina,Darlington,SC_DARLINGTON
South Carolina,Dillon,SC_DILLON
South Carolina,Dorchester,SC_DORCHESTER
South Carolina,Edgefield,SC_EDGEFIELD
South Carolina,Fairfield,SC_FAIRFIELD
South Carolina,Florence,SC_FLORENCE
South Carolina,Georgetown,SC_GEORGETOWN
South Carolina,Greenville,SC_GREENVILLE
South Carolina,Greenwood,SC_GREENWOOD
South Carolina,Hampton,SC_HAMPTON
South Carolina,Horry,SC_HORRY
South Carolina,Jasper,SC_JASPER
South Carolina,Kershaw,SC_KERSHAW
South Carolina,Lancaster,SC_LANCASTER
South Carolina,Laurens,SC_LAURENS
South Carolina,Lee,SC_LEE
South Carolina,Lexington,SC_LEXINGTON
South Carolina,Marion,SC_MARION
South Carolina,Marlboro,SC_MARLBORO
South Carolina,Mccormick,SC_MCCORMICK
South Carolina,Newberry,SC_NEWBERRY
South Carolina,Oconee,SC_OCONEE
South Carolina,Orangeburg,SC_ORANGEBURG
South Carolina,Pickens,SC_PICKENS
South Carolina,Richland,SC_RICHLAND
South Carolina,Saluda,SC_SALUDA
South Carolina,Spartanburg,SC_SPARTANBURG
South Carolina,Sumter,SC_SUMTER
South Carolina,Union,SC_UNION
South Carolina,Williamsburg,SC_WILLIAMSBURG
South Carolina,York,SC_YORK
South Dakota,Aurora,SD_AURORA
South Dakota,Beadle,SD_BEADLE
South Dakota,Bennett,SD_BENNETT
South Dakota,Bon Homme,SD_BON_HOMME
South Dakota,Brookings,SD_BROOKINGS
South Dakota,Brown,SD_BROWN
South Dakota,Brule,SD_BRULE
South Dakota,Buffalo,SD_BUFFALO
South Dakota,Butte,SD_BUTTE
South Dakota,Campbell,SD_CAMPBELL
South Dakota,Charles Mix,SD_CHARLES_MIX
South Dakota,Clark,SD_CLARK
South Dakota,Clay,SD_CLAY
South Dakota,Codington,SD_CODINGTON
South Dakota,Corson,SD_CORSON
South Dakota,Custer,SD_CUSTER
South Dakota,Davison,SD_DAVISON
South Dakota,Day,SD_DAY
South Dakota,Deuel,SD_DEUEL
South Dakota,Dewey,SD_DEWEY
South Dakota,Douglas,SD_DOUGLAS
South Dakota,Edmunds,SD_EDMUNDS
South Dakota,Fall River,SD_FALL_RIVER
South Dakota,Faulk,SD_FAULK
South Dakota,Grant,SD_GRANT
South Dakota,Gregory,SD_GREGORY
South Dakota,Haakon,SD_HAAKON
South Dakota,Hamlin,SD_HAMLIN
South Dakota,Hand,SD_HAND
South Dakota,Hanson,SD_HANSON
South Dakota,Harding,SD_HARDING
South Dakota,Hughes,SD_HUGHES
South Dakota,Hutchinson,SD_HUTCHINSON
South Dakota,Hyde,SD_HYDE
South Dakota,Jackson,SD_JACKSON
South Dakota,Jerauld,SD_JERAULD
South Dakota,Jones,SD_JONES
South Dakota,Kingsbury,SD_KINGSBURY
South Dakota,Lake,SD_LAKE
South Dakota,Lawrence,SD_LAWRENCE
South Dakota,Lincoln,SD_LINCOLN
South Dakota,Lyman,SD_LYMAN
South Dakota,Marshall,SD_MARSHALL
South Dakota,Mccook,SD_MCCOOK
South Dakota,Mcpherson,SD_MCPHERSON
South Dakota,Meade,SD_MEADE
South Dakota,Mellette,SD_MELLETTE
South Dakota,Miner,SD_MINER
South Dakota,Minnehaha,SD_MINNEHAHA
South Dakota,Moody,SD_MOODY
South Dakota,Pennington,SD_PENNINGTON
South Dakota,Perkins,SD_PERKINS
South Dakota,Potter,SD_POTTER
South Dakota,Roberts,SD_ROBERTS
South Dakota,Sanborn,SD_SANBORN
South Dakota,Shannon,SD_SHANNON
South Dakota,Spink,SD_SPINK
South Dakota,Stanley,SD_STANLEY
South Dakota,Sully,SD_SULLY
South Dakota,Todd,SD_TODD
South Dakota,Tripp,SD_TRIPP
South Dakota,Turner,SD_TURNER
South Dakota,Union,SD_UNION
South Dakota,Walworth,SD_WALWORTH
South Dakota,Yankton,SD_YANKTON
South Dakota,Ziebach,SD_ZIEBACH
Tennessee,Anderson,TN_ANDERSON
Tennessee,Bedford,TN_BEDFORD
Tennessee,Benton,TN_BENTON
Tennessee,Bledsoe,TN_BLEDSOE
Tennessee,Blount,TN_BLOUNT
Tennessee,Bradley,TN_BRADLEY
Tennessee,Campbell,TN_CAMPBELL
Tennessee,Cannon,TN_CANNON
Tennessee,Carroll,TN_CARROLL
Tennessee,Carter,TN_CARTER
Tennessee,Cheatham,TN_CHEATHAM
Tennessee,Chester,TN_CHESTER
Tennessee,Claiborne,TN_CLAIBORNE
Tennessee,Clay,TN_CLAY
Tennessee,Cocke,TN_COCKE
Tennessee,Coffee,TN_COFFEE
Tennessee,Crockett,TN_CROCKETT
Tennessee,Cumberland,TN_CUMBERLAND
Tennessee,Davidson,TN_DAVIDSON
Tennessee,De Kalb,TN_DE_KALB
Tennessee,Decatur,TN_DECATUR
Tennessee,Dickson,TN_DICKSON
Tennessee,Dyer,TN_DYER
Tennessee,Fayette,TN_FAYETTE
Tennessee,Fentress,TN_FENTRESS
Tennessee,Franklin,TN_FRANKLIN
Tennessee,Gibson,TN_GIBSON
Tennessee,Giles,TN_GILES
Tennessee,Grainger,TN_GRAINGER
Tennessee,Greene,TN_GREENE
Tennessee,Grundy,TN_GRUNDY
Tennessee,Hamblen,TN_HAMBLEN
Tennessee,Hamilton,TN_HAMILTON
Tennessee,Hancock,TN_HANCOCK
Tennessee,Hardeman,TN_HARDEMAN
Tennessee,Hardin,TN_HARDIN
Tennessee,Hawkins,TN_HAWKINS
Tennessee,Haywood,TN_HAYWOOD
Tennessee,Henderson,TN_HENDERSON
Tennessee,Henry,TN_HENRY
Tennessee,Hickman,TN_HICKMAN
Tennessee,Houston,TN_HOUSTON
Tennessee,Humphreys,TN_HUMPHREYS
Tennessee,Jackson,TN_JACKSON
Tennessee,Jefferson,TN_JEFFERSON
Tennessee,Johnson,TN_JOHNSON
Tennessee,Knox,TN_KNOX
Tennessee,Lake,TN_LAKE
Tennessee,Lauderdale,TN_LAUDERDALE
Tennessee,Lawrence,TN_LAWRENCE
Tennessee,Lewis,TN_LEWIS
Tennessee,Lincoln,TN_LINCOLN
Tennessee,Loudon,TN_LOUDON
Tennessee,Macon,TN_MACON
Tennessee,Madison,TN_MADISON
Tennessee,Marion,TN_MARION
Tennessee,Marshall,TN_MARSHALL
Tennessee,Maury,TN_MAURY
Tennessee,Mcminn,TN_MCMINN
Tennessee,Mcnairy,TN_MCNAIRY
Tennessee,Meigs,TN_MEIGS
Tennessee,Monroe,TN_MONROE
Tennessee,Montgomery,TN_MONTGOMERY
Tennessee,Moore,TN_MOORE
Tennessee,Morgan,TN_MORGAN
Tennessee,Obion,TN_OBION
Tennessee,Overton,TN_OVERTON
Tennessee,Perry,TN_PERRY
Tennessee,Pickett,TN_PICKETT
Tennessee,Polk,TN_POLK
Tennessee,Putnam,TN_PUTNAM
Tennessee,Rhea,TN_RHEA
Tennessee,Roane,TN_ROANE
Tennessee,Robertson,TN_ROBERTSON
Tennessee,Rutherford,TN_RUTHERFORD
Tennessee,Scott,TN_SCOTT
Tennessee,Sequatchie,TN_SEQUATCHIE
Tennessee,Sevier,TN_SEVIER
Tennessee,Shelby,TN_SHELBY
Tennessee,Smith,TN_SMITH
Tennessee,Stewart,TN_STEWART
Tennessee,Sullivan,TN_SULLIVAN
Tennessee,Sumner,TN_SUMNER
Tennessee,Tipton,TN_TIPTON
Tennessee,Trousdale,TN_TROUSDALE
Tennessee,Unicoi,TN_UNICOI
Tennessee,Union,TN_UNION
Tennessee,Van Buren,TN_VAN_BUREN
Tennessee,Warren,TN_WARREN
Tennessee,Washington,TN_WASHINGTON
Tennessee,Wayne,TN_WAYNE
Tennessee,Weakley,TN_WEAKLEY
Tennessee,White,TN_WHITE
Tennessee,Williamson,TN_WILLIAMSON
Tennessee,Wilson,TN_WILSON
Texas,Anderson,TX_ANDERSON
Texas,Andrews,TX_ANDREWS
Texas,Angelina,TX_ANGELINA
Texas,Aransas,TX_ARANSAS
Texas,Archer,TX_ARCHER
Texas,Armstrong,TX_ARMSTRONG
Texas,Atascosa,TX_ATASCOSA
Texas,Austin,TX_AUSTIN
Texas,Bailey,TX_BAILEY
Texas,Bandera,TX_BANDERA
Texas,Bastrop,TX_BASTROP
Texas,Baylor,TX_BAYLOR
Texas,Bee,TX_BEE
Texas,Bell,TX_BELL
Texas,Bexar,TX_BEXAR
Texas,Blanco,TX_BLANCO
Texas,Borden,TX_BORDEN
Texas,Bosque,TX_BOSQUE
Texas,Bowie,TX_BOWIE
Texas,Brazoria,TX_BRAZORIA
Texas,Brazos,TX_BRAZOS
Texas,Brewster,TX_BREWSTER
Texas,Briscoe,TX_BRISCOE
Texas,Brooks,TX_BROOKS
Texas,Brown,TX_BROWN
Texas,Burleson,TX_BURLESON
Texas,Burnet,TX_BURNET
Texas,Caldwell,TX_CALDWELL
Texas,Calhoun,TX_CALHOUN
Texas,Callahan,TX_CALLAHAN
Texas,Cameron,TX_CAMERON
Texas,Camp,TX_CAMP
Texas,Carson,TX_CARSON
Texas,Cass,TX_CASS
Texas,Castro,TX_CASTRO
Texas,Chambers,TX_CHAMBERS
Texas,Cherokee,TX_CHEROKEE
Texas,Childress,TX_CHILDRESS
Texas,Clay,TX_CLAY
Texas,Cochran,TX_COCHRAN
Texas,Coke,TX_COKE
Texas,Coleman,TX_COLEMAN
Texas,Collin,TX_COLLIN
Texas,Collingsworth,TX_COLLINGSWORTH
Texas,Colorado,TX_COLORADO
Texas,Comal,TX_COMAL
Texas,Comanche,TX_COMANCHE
Texas,Concho,TX_CONCHO
Texas,Cooke,TX_COOKE
Texas,Coryell,TX_CORYELL
Texas,Cottle,TX_COTTLE
Texas,Crane,TX_CRANE
Texas,Crockett,TX_CROCKETT
Texas,Crosby,TX_CROSBY
Texas,Culberson,TX_CULBERSON
Texas,Dallam,TX_DALLAM
Texas,Dallas,TX_DALLAS
Texas,Dawson,TX_DAWSON
Texas,De Witt,TX_DE_WITT
Texas,Deaf Smith,TX_DEAF_SMITH
Texas,Delta,TX_DELTA
Texas,Denton,TX_DENTON
Texas,Dickens,TX_DICKENS
Texas,Dimmit,TX_DIMMIT
Texas,Donley,TX_DONLEY
Texas,Duval,TX_DUVAL
Texas,Eastland,TX_EASTLAND
Texas,Ector,TX_ECTOR
Texas,Edwards,TX_EDWARDS
Texas,El Paso,TX_EL_PASO
Texas,Ellis,TX_ELLIS
Texas,Erath,TX_ERATH
Texas,Falls,TX_FALLS
Texas,Fannin,TX_FANNIN
Texas,Fayette,TX_FAYETTE
Texas,Fisher,TX_FISHER
Texas,Floyd,TX_FLOYD
Texas,Foard,TX_FOARD
Texas,Fort Bend,TX_FORT_BEND
Texas,Franklin,TX_FRANKLIN
Texas,Freestone,TX_FREESTONE
Texas,Frio,TX_FRIO
Texas,Gaines,TX_GAINES
Texas,Galveston,TX_GALVESTON
Texas,Garza,TX_GARZA
Texas,Gillespie,TX_GILLESPIE
Texas,Glasscock,TX_GLASSCOCK
Texas,Goliad,TX_GOLIAD
Texas,Gonzales,TX_GONZALES
Texas,Gray,TX_GRAY
Texas,Grayson,TX_GRAYSON
Texas,Gregg,TX_GREGG
Texas,Grimes,TX_GRIMES
Texas,Guadalupe,TX_GUADALUPE
Texas,Hale,TX_HALE
Texas,Hall,TX_HALL
Texas,Hamilton,TX_HAMILTON
Texas,Hansford,TX_HANSFORD
Texas,Hardeman,TX_HARDEMAN
Texas,Hardin,TX_HARDIN
Texas,Harris,TX_HARRIS
Texas,Harrison,TX_HARRISON
Texas,Hartley,TX_HARTLEY
Texas,Haskell,TX_HASKELL
Texas,Hays,TX_HAYS
Texas,Hemphill,TX_HEMPHILL
Texas,Henderson,TX_HENDERSON
Texas,Hidalgo,TX_HIDALGO
Texas,Hill,TX_HILL
Texas,Hockley,TX_HOCKLEY
Texas,Hood,TX_HOOD
Texas,Hopkins,TX_HOPKINS
Texas,Houston,TX_HOUSTON
Texas,Howard,TX_HOWARD
Texas,Hudspeth,TX_HUDSPETH
Texas,Hunt,TX_HUNT
Texas,Hutchinson,TX_HUTCHINSON
Texas,Irion,TX_IRION
Texas,Jack,TX_JACK
Texas,Jackson,TX_JACKSON
Texas,Jasper,TX_JASPER
Texas,Jeff Davis,TX_JEFF_DAVIS
Texas,Jefferson,TX_JEFFERSON
Texas,Jim Hogg,TX_JIM_HOGG
Texas,Jim Wells,TX_JIM_WELLS
Texas,Johnson,TX_JOHNSON
Texas,Jones,TX_JONES
Texas,Karnes,TX_KARNES
Texas,Kaufman,TX_KAUFMAN
Texas,Kendall,TX_KENDALL
Texas,Kenedy,TX_KENEDY
Texas,Kent,TX_KENT
Texas,Kerr,TX_KERR
Texas,Kimble,TX_KIMBLE
Texas,King,TX_KING
Texas,Kinney,TX_KINNEY
Texas,Kleberg,TX_KLEBERG
Texas,Knox,TX_KNOX
Texas,La Salle,TX_LA_SALLE
Texas,Lamar,TX_LAMAR
Texas,Lamb,TX_LAMB
Texas,Lampasas,TX_LAMPASAS
Texas,Lavaca,TX_LAVACA
Texas,Lee,TX_LEE
Texas,Leon,TX_LEON
Texas,Liberty,TX_LIBERTY
Texas,Limestone,TX_LIMESTONE
Texas,Lipscomb,TX_LIPSCOMB
Texas,Live Oak,TX_LIVE_OAK
Texas,Llano,TX_LLANO
Texas,Loving,TX_LOVING
Texas,Lubbock,TX_LUBBOCK
Texas,Lynn,TX_LYNN
Texas,Madison,TX_MADISON
Texas,Marion,TX_MARION
Texas,Martin,TX_MARTIN
Texas,Mason,TX_MASON
Texas,Matagorda,TX_MATAGORDA
Texas,Maverick,TX_MAVERICK
Texas,Mcculloch,TX_MCCULLOCH
Texas,Mclennan,TX_MCLENNAN
Texas,Mcmullen,TX_MCMULLEN
Texas,Medina,TX_MEDINA
Texas,Menard,TX_MENARD
Texas,Midland,TX_MIDLAND
Texas,Milam,TX_MILAM
Texas,Mills,TX_MILLS
Texas,Mitchell,TX_MITCHELL
Texas,Montague,TX_MONTAGUE
Texas,Montgomery,TX_MONTGOMERY
Texas,Moore,TX_MOORE
Texas,Morris,TX_MORRIS
Texas,Motley,TX_MOTLEY
Texas,Nacogdoches,TX_NACOGDOCHES
Texas,Navarro,TX_NAVARRO
Texas,Newton,TX_NEWTON
Texas,Nolan,TX_NOLAN
Texas,Nueces,TX_NUECES
Texas,Ochiltree,TX_OCHILTREE
Texas,Oldham,TX_OLDHAM
Texas,Orange,TX_ORANGE
Texas,Palo Pinto,TX_PALO_PINTO
Texas,Panola,TX_PANOLA
Texas,Parker,TX_PARKER
Texas,Parmer,TX_PARMER
Texas,Pecos,TX_PECOS
Texas,Polk,TX_POLK
Texas,Potter,TX_POTTER
Texas,Presidio,TX_PRESIDIO
Texas,Rains,TX_RAINS
Texas,Randall,TX_RANDALL
Texas,Reagan,TX_REAGAN
Texas,Real,TX_REAL
Texas,Red River,TX_RED_RIVER
Texas,Reeves,TX_REEVES
Texas,Refugio,TX_REFUGIO
Texas,Roberts,TX_ROBERTS
Texas,Robertson,TX_ROBERTSON
Texas,Rockwall,TX_ROCKWALL
Texas,Runnels,TX_RUNNELS
Texas,Rusk,TX_RUSK
Texas,Sabine,TX_SABINE
Texas,San Augustine,TX_SAN_AUGUSTINE
Texas,San Jacinto,TX_SAN_JACINTO
Texas,San Patricio,TX_SAN_PATRICIO
Texas,San Saba,TX_SAN_SABA
Texas,Schleicher,TX_SCHLEICHER
Texas,Scurry,TX_SCURRY
Texas,Shackelford,TX_SHACKELFORD
Texas,Shelby,TX_SHELBY
Texas,Sherman,TX_SHERMAN
Texas,Smith,TX_SMITH
Texas,Somervell,TX_SOMERVELL
Texas,Starr,TX_STARR
Texas,Stephens,TX_STEPHENS
Texas,Sterling,TX_STERLING
Texas,Stonewall,TX_STONEWALL
Texas,Sutton,TX_SUTTON
Texas,Swisher,TX_SWISHER
Texas,Tarrant,TX_TARRANT
Texas,Taylor,TX_TAYLOR
Texas,Terrell,TX_TERRELL
Texas,Terry,TX_TERRY
Texas,Throckmorton,TX_THROCKMORTON
Texas,Titus,TX_TITUS
Texas,Tom Green,TX_TOM_GREEN
Texas,Travis,TX_TRAVIS
Texas,Trinity,TX_TRINITY
Texas,Tyler,TX_TYLER
Texas,Upshur,TX_UPSHUR
Texas,Upton,TX_UPTON
Texas,Uvalde,TX_UVALDE
Texas,Val Verde,TX_VAL_VERDE
Texas,Van Zandt,TX_VAN_ZANDT
Texas,Victoria,TX_VICTORIA
Texas,Walker,TX_WALKER
Texas,Waller,TX_WALLER
Texas,Ward,TX_WARD
Texas,Washington,TX_WASHINGTON
Texas,Webb,TX_WEBB
Texas,Wharton,TX_WHARTON
Texas,Wheeler,TX_WHEELER
Texas,Wichita,TX_WICHITA
Texas,Wilbarger,TX_WILBARGER
Texas,Willacy,TX_WILLACY
Texas,Williamson,TX_WILLIAMSON
Texas,Wilson,TX_WILSON
Texas,Winkler,TX_WINKLER
Texas,Wise,TX_WISE
Texas,Wood,TX_WOOD
Texas,Yoakum,TX_YOAKUM
Texas,Young,TX_YOUNG
Texas,Zapata,TX_ZAPATA
Texas,Zavala,TX_ZAVALA
Utah,Beaver,UT_BEAVER
Utah,Box Elder,UT_BOX_ELDER
Utah,Cache,UT_CACHE
Utah,Carbon,UT_CARBON
Utah,Daggett,UT_DAGGETT
Utah,Davis,UT_DAVIS
Utah,Duchesne,UT_DUCHESNE
Utah,Emery,UT_EMERY
Utah,Garfield,UT_GARFIELD
Utah,Grand,UT_GRAND
Utah,Iron,UT_IRON
Utah,Juab,UT_JUAB
Utah,Kane,UT_KANE
Utah,Millard,UT_MILLARD
Utah,Morgan,UT_MORGAN
Utah,Piute,UT_PIUTE
Utah,Rich,UT_RICH
Utah,Salt Lake,UT_SALT_LAKE
Utah,San Juan,UT_SAN_JUAN
Utah,Sanpete,UT_SANPETE
Utah,Sevier,UT_SEVIER
Utah,Summit,UT_SUMMIT
Utah,Tooele,UT_TOOELE
Utah,Uintah,UT_UINTAH
Utah,Utah,UT_UTAH
Utah,Wasatch,UT_WASATCH
Utah,Washington,UT_WASHINGTON
Utah,Wayne,UT_WAYNE
Utah,Weber,UT_WEBER
Vermont,Addison,VT_ADDISON
Vermont,Bennington,VT_BENNINGTON
Vermont,Caledonia,VT_CALEDONIA
Vermont,Chittenden,VT_CHITTENDEN
Vermont,Essex,VT_ESSEX
Vermont,Franklin,VT_FRANKLIN
Vermont,Grand Isle,VT_GRAND_ISLE
Vermont,Lamoille,VT_LAMOILLE
Vermont,Orange,VT_ORANGE
Vermont,Orleans,VT_ORLEANS
Vermont,Rutland,VT_RUTLAND
Vermont,Washington,VT_WASHINGTON
Vermont,Windham,VT_WINDHAM
Vermont,Windsor,VT_WINDSOR
Virginia,Accomack,VA_ACCOMACK
Virginia,Albemarle,VA_ALBEMARLE
Virginia,Alexandria (City),VA_ALEXANDRIA__CITY_
Virginia,Alleghany,VA_ALLEGHANY
Virginia,Amelia,VA_AMELIA
Virginia,Amherst,VA_AMHERST
Virginia,Appomattox,VA_APPOMATTOX
Virginia,Arlington,VA_ARLINGTON
Virginia,Augusta,VA_AUGUSTA
Virginia,Bath,VA_BATH
Virginia,Bedford,VA_BEDFORD
Virginia,Bedford (City),VA_BEDFORD__CITY_
Virginia,Bland,VA_BLAND
Virginia,Botetourt,VA_BOTETOURT
Virginia,Bristol (City),VA_BRISTOL__CITY_
Virginia,Brunswick,VA_BRUNSWICK
Virginia,Buchanan,VA_BUCHANAN
Virginia,Buckingham,VA_BUCKINGHAM
Virginia,Buena Vista (City),VA_BUENA_VISTA__CITY_
Virginia,Campbell,VA_CAMPBELL
Virginia,Caroline,VA_CAROLINE
Virginia,Carroll,VA_CARROLL
Virginia,Charles City,VA_CHARLES_CITY
Virginia,Charlotte,VA_CHARLOTTE
Virginia,Charlottesville (City),VA_CHARLOTTESVILLE__CITY_
Virginia,Chesapeake (City),VA_CHESAPEAKE__CITY_
Virginia,Chesterfield,VA_CHESTERFIELD
Virginia,Clarke,VA_CLARKE
Virginia,Colonial Heights (City),VA_COLONIAL_HEIGHTS__CITY_
Virginia,Covington (City),VA_COVINGTON__CITY_
Virginia,Craig,VA_CRAIG
Virginia,Culpeper,VA_CULPEPER
Virginia,Cumberland,VA_CUMBERLAND
Virginia,Danville (City),VA_DANVILLE__CITY_
Virginia,Dickenson,VA_DICKENSON
Virginia,Dinwiddie,VA_DINWIDDIE
Virginia,Emporia (City),VA_EMPORIA__CITY_
Virginia,Essex,VA_ESSEX
Virginia,Fairfax,VA_FAIRFAX
Virginia,Fairfax (City),VA_FAIRFAX__CITY_
Virginia,Falls Church (City),VA_FALLS_CHURCH__CITY_
Virginia,Fauquier,VA_FAUQUIER
Virginia,Floyd,VA_FLOYD
Virginia,Fluvanna,VA_FLUVANNA
Virginia,Franklin,VA_FRANKLIN
Virginia,Franklin (City),VA_FRANKLIN__CITY_
Virginia,Frederick,VA_FREDERICK
Virginia,Fredericksburg (City),VA_FREDERICKSBURG__CITY_
Virginia,Galax (City),VA_GALAX__CITY_
Virginia,Giles,VA_GILES
Virginia,Gloucester,VA_GLOUCESTER
Virginia,Goochland,VA_GOOCHLAND
Virginia,Grayson,VA_GRAYSON
Virginia,Greene,VA_GREENE
Virginia,Greensville,VA_GREENSVILLE
Virginia,Halifax,VA_HALIFAX
Virginia,Hampton (City),VA_HAMPTON__CITY_
Virginia,Hanover,VA_HANOVER
Virginia,Harrisonburg (City),VA_HARRISONBURG__CITY_
Virginia,Henrico,VA_HENRICO
Virginia,Henry,VA_HENRY
Virginia,Highland,VA_HIGHLAND
Virginia,Hopewell (City),VA_HOPEWELL__CITY_
Virginia,Isle Of Wight,VA_ISLE_OF_WIGHT
Virginia,James City,VA_JAMES_CITY
Virginia,King And Queen,VA_KING_AND_QUEEN
Virginia,King George,VA_KING_GEORGE
Virginia,King William,VA_KING_WILLIAM
Virginia,Lancaster,VA_LANCASTER
Virginia,Lee,VA_LEE
Virginia,Lexington (City),VA_LEXINGTON__CITY_
Virginia,Loudoun,VA_LOUDOUN
Virginia,Louisa,VA_LOUISA
Virginia,Lunenburg,VA_LUNENBURG
Virginia,Lynchburg (City),VA_LYNCHBURG__CITY_
Virginia,Madison,VA_MADISON
Virginia,Manassas (City),VA_MANASSAS__CITY_
Virginia,Manassas Park (City),VA_MANASSAS_PARK__CITY_
Virginia,Martinsville (City),VA_MARTINSVILLE__CITY_
Virginia,Mathews,VA_MATHEWS
Virginia,Mecklenburg,VA_MECKLENBURG
Virginia,Middlesex,VA_MIDDLESEX
Virginia,Montgomery,VA_MONTGOMERY
Virginia,Nelson,VA_NELSON
Virginia,New Kent,VA_NEW_KENT
Virginia,Newport News (City),VA_NEWPORT_NEWS__CITY_
Virginia,Norfolk (City),VA_NORFOLK__CITY_
Virginia,Northampton,VA_NORTHAMPTON
Virginia,Northumberland,VA_NORTHUMBERLAND
Virginia,Norton (City),VA_NORTON__CITY_
Virginia,Nottoway,VA_NOTTOWAY
Virginia,Orange,VA_ORANGE
Virginia,Page,VA_PAGE
Virginia,Patrick,VA_PATRICK
Virginia,Petersburg (City),VA_PETERSBURG__CITY_
Virginia,Pittsylvania,VA_PITTSYLVANIA
Virginia,Poquoson (City),VA_POQUOSON__CITY_
Virginia,Portsmouth (City),VA_PORTSMOUTH__CITY_
Virginia,Powhatan,VA_POWHATAN
Virginia,Prince Edward,VA_PRINCE_EDWARD
Virginia,Prince George,VA_PRINCE_GEORGE
Virginia,Prince William,VA_PRINCE_WILLIAM
Virginia,Pulaski,VA_PULASKI
Virginia,Radford (City),VA_RADFORD__CITY_
Virginia,Rappahannock,VA_RAPPAHANNOCK
Virginia,Richmond,VA_RICHMOND
Virginia,Richmond (City),VA_RICHMOND__CITY_
Virginia,Roanoke,VA_ROANOKE
Virginia,Roanoke (City),VA_ROANOKE__CITY_
Virginia,Rockbridge,VA_ROCKBRIDGE
Virginia,Rockingham,VA_ROCKINGHAM
Virginia,Russell,VA_RUSSELL
Virginia,Salem (City),VA_SALEM__CITY_
Virginia,Scott,VA_SCOTT
Virginia,Shenandoah,VA_SHENANDOAH
Virginia,Smyth,VA_SMYTH
Virginia,Southampton,VA_SOUTHAMPTON
Virginia,Spotsylvania,VA_SPOTSYLVANIA
Virginia,Stafford,VA_STAFFORD
Virginia,Staunton (City),VA_STAUNTON__CITY_
Virginia,Suffolk (City),VA_SUFFOLK__CITY_
Virginia,Surry,VA_SURRY
Virginia,Sussex,VA_SUSSEX
Virginia,Tazewell,VA_TAZEWELL
Virginia,Virginia Beach (City),VA_VIRGINIA_BEACH__CITY_
Virginia,Warren,VA_WARREN
Virginia,Washington,VA_WASHINGTON
Virginia,Waynesboro (City),VA_WAYNESBORO__CITY_
Virginia,Westmoreland,VA_WESTMORELAND
Virginia,Williamsburg (City),VA_WILLIAMSBURG__CITY_
Virginia,Winchester (City),VA_WINCHESTER__CITY_
Virginia,Wise,VA_WISE
Virginia,Wythe,VA_WYTHE
Virginia,York,VA_YORK
Washington,Adams,WA_ADAMS
Washington,Asotin,WA_ASOTIN
Washington,Benton,WA_BENTON
Washington,Chelan,WA_CHELAN
Washington,Clallam,WA_CLALLAM
Washington,Clark,WA_CLARK
Washington,Columbia,WA_COLUMBIA
Washington,Cowlitz,WA_COWLITZ
Washington,Douglas,WA_DOUGLAS
Washington,Ferry,WA_FERRY
Washington,Franklin,WA_FRANKLIN
Washington,Garfield,WA_GARFIELD
Washington,Grant,WA_GRANT
Washington,Grays Harbor,WA_GRAYS_HARBOR
Washington,Island,WA_ISLAND
Washington,Jefferson,WA_JEFFERSON
Washington,King,WA_KING
Washington,Kitsap,WA_KITSAP
Washington,Kittitas,WA_KITTITAS
Washington,Klickitat,WA_KLICKITAT
Washington,Lewis,WA_LEWIS
Washington,Lincoln,WA_LINCOLN
Washington,Mason,WA_MASON
Washington,Okanogan,WA_OKANOGAN
Washington,Pacific,WA_PACIFIC
Washington,Pend Oreille,WA_PEND_OREILLE
Washington,Pierce,WA_PIERCE
Washington,San Juan,WA_SAN_JUAN
Washington,Skagit,WA_SKAGIT
Washington,Skamania,WA_SKAMANIA
Washington,Snohomish,WA_SNOHOMISH
Washington,Spokane,WA_SPOKANE
Washington,Stevens,WA_STEVENS
Washington,Thurston,WA_THURSTON
Washington,Wahkiakum,WA_WAHKIAKUM
Washington,Walla Walla,WA_WALLA_WALLA
Washington,Whatcom,WA_WHATCOM
Washington,Whitman,WA_WHITMAN
Washington,Yakima,WA_YAKIMA
"Washington, Dc","Washington, DC",DC_WASHINGTON
West Virginia,Barbour,WV_BARBOUR
West Virginia,Berkeley,WV_BERKELEY
West Virginia,Boone,WV_BOONE
West Virginia,Braxton,WV_BRAXTON
West Virginia,Brooke,WV_BROOKE
West Virginia,Cabell,WV_CABELL
West Virginia,Calhoun,WV_CALHOUN
West Virginia,Clay,WV_CLAY
West Virginia,Doddridge,WV_DODDRIDGE
West Virginia,Fayette,WV_FAYETTE
West Virginia,Gilmer,WV_GILMER
West Virginia,Grant,WV_GRANT
West Virginia,Greenbrier,WV_GREENBRIER
West Virginia,Hampshire,WV_HAMPSHIRE
West Virginia,Hancock,WV_HANCOCK
West Virginia,Hardy,WV_HARDY
West Virginia,Harrison,WV_HARRISON
West Virginia,Jackson,WV_JACKSON
West Virginia,Jefferson,WV_JEFFERSON
West Virginia,Kanawha,WV_KANAWHA
West Virginia,Lewis,WV_LEWIS
West Virginia,Lincoln,WV_LINCOLN
West Virginia,Logan,WV_LOGAN
West Virginia,Marion,WV_MARION
West Virginia,Marshall,WV_MARSHALL
West Virginia,Mason,WV_MASON
West Virginia,Mcdowell,WV_MCDOWELL
West Virginia,Mercer,WV_MERCER
West Virginia,Mineral,WV_MINERAL
West Virginia,Mingo,WV_MINGO
West Virginia,Monongalia,WV_MONONGALIA
West Virginia,Monroe,WV_MONROE
West Virginia,Morgan,WV_MORGAN
West Virginia,Nicholas,WV_NICHOLAS
West Virginia,Ohio,WV_OHIO
West Virginia,Pendleton,WV_PENDLETON
West Virginia,Pleasants,WV_PLEASANTS
West Virginia,Pocahontas,WV_POCAHONTAS
West Virginia,Preston,WV_PRESTON
West Virginia,Putnam,WV_PUTNAM
West Virginia,Raleigh,WV_RALEIGH
West Virginia,Randolph,WV_RANDOLPH
West Virginia,Ritchie,WV_RITCHIE
West Virginia,Roane,WV_ROANE
West Virginia,Summers,WV_SUMMERS
West Virginia,Taylor,WV_TAYLOR
West Virginia,Tucker,WV_TUCKER
West Virginia,Tyler,WV_TYLER
West Virginia,Upshur,WV_UPSHUR
West Virginia,Wayne,WV_WAYNE
West Virginia,Webster,WV_WEBSTER
West Virginia,Wetzel,WV_WETZEL
West Virginia,Wirt,WV_WIRT
West Virginia,Wood,WV_WOOD
West Virginia,Wyoming,WV_WYOMING
Wisconsin,Adams,WI_ADAMS
Wisconsin,Ashland,WI_ASHLAND
Wisconsin,Barron,WI_BARRON
Wisconsin,Bayfield,WI_BAYFIELD
Wisconsin,Brown,WI_BROWN
Wisconsin,Buffalo,WI_BUFFALO
Wisconsin,Burnett,WI_BURNETT
Wisconsin,Calumet,WI_CALUMET
Wisconsin,Chippewa,WI_CHIPPEWA
Wisconsin,Clark,WI_CLARK
Wisconsin,Columbia,WI_COLUMBIA
Wisconsin,Crawford,WI_CRAWFORD
Wisconsin,Dane,WI_DANE
Wisconsin,Dodge,WI_DODGE
Wisconsin,Door,WI_DOOR
Wisconsin,Douglas,WI_DOUGLAS
Wisconsin,Dunn,WI_DUNN
Wisconsin,Eau Claire,WI_EAU_CLAIRE
Wisconsin,Florence,WI_FLORENCE
Wisconsin,Fond Du Lac,WI_FOND_DU_LAC
Wisconsin,Forest,WI_FOREST
Wisconsin,Grant,WI_GRANT
Wisconsin,Green,WI_GREEN
Wisconsin,Green Lake,WI_GREEN_LAKE
Wisconsin,Iowa,WI_IOWA
Wisconsin,Iron,WI_IRON
Wisconsin,Jackson,WI_JACKSON
Wisconsin,Jefferson,WI_JEFFERSON
Wisconsin,Juneau,WI_JUNEAU
Wisconsin,Kenosha,WI_KENOSHA
Wisconsin,Kewaunee,WI_KEWAUNEE
Wisconsin,La Crosse,WI_LA_CROSSE
Wisconsin,Lafayette,WI_LAFAYETTE
Wisconsin,Langlade,WI_LANGLADE
Wisconsin,Lincoln,WI_LINCOLN
Wisconsin,Manitowoc,WI_MANITOWOC
Wisconsin,Marathon,WI_MARATHON
Wisconsin,Marinette,WI_MARINETTE
Wisconsin,Marquette,WI_MARQUETTE
Wisconsin,Menominee,WI_MENOMINEE
Wisconsin,Milwaukee,WI_MILWAUKEE
Wisconsin,Monroe,WI_MONROE
Wisconsin,Oconto,WI_OCONTO
Wisconsin,Oneida,WI_ONEIDA
Wisconsin,Outagamie,WI_OUTAGAMIE
Wisconsin,Ozaukee,WI_OZAUKEE
Wisconsin,Pepin,WI_PEPIN
Wisconsin,Pierce,WI_PIERCE
Wisconsin,Polk,WI_POLK
Wisconsin,Portage,WI_PORTAGE
Wisconsin,Price,WI_PRICE
Wisconsin,Racine,WI_RACINE
Wisconsin,Richland,WI_RICHLAND
Wisconsin,Rock,WI_ROCK
Wisconsin,Rusk,WI_RUSK
Wisconsin,Sauk,WI_SAUK
Wisconsin,Sawyer,WI_SAWYER
Wisconsin,Shawano,WI_SHAWANO
Wisconsin,Sheboygan,WI_SHEBOYGAN
Wisconsin,St Croix,WI_ST_CROIX
Wisconsin,Taylor,WI_TAYLOR
Wisconsin,Trempealeau,WI_TREMPEALEAU
Wisconsin,Vernon,WI_VERNON
Wisconsin,Vilas,WI_VILAS
Wisconsin,Walworth,WI_WALWORTH
Wisconsin,Washburn,WI_WASHBURN
Wisconsin,Washington,WI_WASHINGTON
Wisconsin,Waukesha,WI_WAUKESHA
Wisconsin,Waupaca,WI_WAUPACA
Wisconsin,Waushara,WI_WAUSHARA
Wisconsin,Winnebago,WI_WINNEBAGO
Wisconsin,Wood,WI_WOOD
Wyoming,Albany,WY_ALBANY
Wyoming,Big Horn,WY_BIG_HORN
Wyoming,Campbell,WY_CAMPBELL
Wyoming,Carbon,WY_CARBON
Wyoming,Converse,WY_CONVERSE
Wyoming,Crook,WY_CROOK
Wyoming,Fremont,WY_FREMONT
Wyoming,Goshen,WY_GOSHEN
Wyoming,Hot Springs,WY_HOT_SPRINGS
Wyoming,Johnson,WY_JOHNSON
Wyoming,Laramie,WY_LARAMIE
Wyoming,Lincoln,WY_LINCOLN
Wyoming,Natrona,WY_NATRONA
Wyoming,Niobrara,WY_NIOBRARA
Wyoming,Park,WY_PARK
Wyoming,Platte,WY_PLATTE
Wyoming,Sheridan,WY_SHERIDAN
Wyoming,Sublette,WY_SUBLETTE
Wyoming,Sweetwater,WY_SWEETWATER
Wyoming,Teton,WY_TETON
Wyoming,Uinta,WY_UINTA
Wyoming,Washakie,WY_WASHAKIE
Wyoming,Weston,WY_WESTON
